                  epoch,         train/box_loss,         train/cls_loss,         train/dfl_loss,   metrics/precision(B),      metrics/recall(B),       metrics/mAP50(B),    metrics/mAP50-95(B),           val/box_loss,           val/cls_loss,           val/dfl_loss,                 lr/pg0,                 lr/pg1,                 lr/pg2
                      1,                 5.4461,                 4.6591,                 4.1423,                      0,                      0,                      0,                      0,                 4.9209,                 4.5002,                 3.1715,              1.111e-05,              1.111e-05,              1.111e-05
                      2,                 5.4049,                 4.5933,                 3.9646,                      0,                      0,                      0,                      0,                 4.9024,                 4.5013,                 3.1827,             3.3279e-05,             3.3279e-05,             3.3279e-05
                      3,                  5.422,                 4.5943,                 4.0438,                      0,                      0,                      0,                      0,                 4.9008,                 4.4997,                 3.2077,             5.5381e-05,             5.5381e-05,             5.5381e-05
                      4,                 5.2384,                 4.6093,                 3.9415,                      0,                      0,                      0,                      0,                 4.7849,                 4.4955,                 3.0406,             7.7415e-05,             7.7415e-05,             7.7415e-05
                      5,                 4.9793,                 4.5399,                 3.5405,                      0,                      0,                      0,                      0,                 4.3537,                 4.3947,                 2.5474,             9.9381e-05,             9.9381e-05,             9.9381e-05
                      6,                  4.894,                  4.419,                 3.0745,                      0,                      0,                      0,                      0,                 3.8723,                 4.2082,                 2.1773,             0.00012128,             0.00012128,             0.00012128
                      7,                 4.0208,                 4.2526,                 2.4334,                      0,                      0,                      0,                      0,                 3.4351,                 4.1488,                 2.0152,             0.00014311,             0.00014311,             0.00014311
                      8,                  3.407,                 3.9996,                 2.0821,                      0,                      0,                      0,                      0,                  3.287,                  4.105,                 1.9695,             0.00016487,             0.00016487,             0.00016487
                      9,                 3.2246,                 3.7306,                 2.0188,                0.00253,                0.01493,                 0.0048,                0.00088,                 3.3302,                 4.0941,                 1.9301,             0.00018657,             0.00018657,             0.00018657
                     10,                 3.0258,                 3.4187,                 1.9673,                  0.006,                0.03881,                0.00964,                 0.0024,                 3.0137,                 4.0115,                  1.791,              0.0002082,              0.0002082,              0.0002082
                     11,                 2.9429,                 3.1003,                 1.8661,                0.00977,                0.08358,                0.01288,                0.00304,                 2.5908,                 3.8203,                 1.6849,             0.00022976,             0.00022976,             0.00022976
                     12,                 2.9162,                 3.0292,                 1.8383,                0.01563,                0.14627,                0.05837,                0.01647,                 2.3255,                 3.5185,                 1.6549,             0.00025125,             0.00025125,             0.00025125
                     13,                 2.6547,                 2.5742,                 1.7676,                0.01562,                0.14925,                 0.0727,                 0.0241,                 2.4386,                 3.2673,                 1.6406,             0.00027267,             0.00027267,             0.00027267
                     14,                 2.6538,                 2.5232,                 1.7326,                0.85406,                 0.0806,                0.06301,                0.02525,                 2.4977,                 3.0867,                 1.6568,             0.00029403,             0.00029403,             0.00029403
                     15,                 2.5173,                 2.3481,                 1.7053,                0.84864,                0.09254,                0.04437,                0.01834,                 2.4373,                 3.0418,                 1.6383,             0.00031532,             0.00031532,             0.00031532
                     16,                 2.4155,                 2.0888,                 1.5955,                0.01742,                0.17313,                0.04605,                0.01973,                  2.354,                 3.0046,                 1.6265,             0.00033654,             0.00033654,             0.00033654
                     17,                 2.2279,                 2.0751,                 1.5869,                0.01678,                 0.1791,                  0.049,                0.02229,                 2.3021,                 2.9219,                 1.6165,              0.0003577,              0.0003577,              0.0003577
                     18,                 2.3101,                 2.0507,                 1.5963,                0.83409,                0.16623,                0.04954,                0.02133,                 2.2422,                 2.8545,                  1.572,             0.00037878,             0.00037878,             0.00037878
                     19,                 2.3343,                  2.017,                 1.5305,                0.84972,                0.10448,                0.05028,                0.02254,                  2.169,                  2.741,                 1.5018,              0.0003998,              0.0003998,              0.0003998
                     20,                 2.1101,                 1.8792,                  1.416,                0.85627,                0.09254,                0.05119,                 0.0244,                 2.0853,                 2.6209,                 1.4773,             0.00042075,             0.00042075,             0.00042075
                     21,                 2.1045,                 1.8837,                 1.3805,                0.85247,                0.09344,                0.05723,                0.02658,                 2.0267,                 2.4969,                 1.4146,             0.00044163,             0.00044163,             0.00044163
                     22,                 1.9318,                 1.8804,                 1.4354,                0.85363,                0.10149,                0.08285,                0.03738,                 1.8648,                 2.3981,                  1.345,             0.00046245,             0.00046245,             0.00046245
                     23,                 2.2888,                 1.8406,                 1.3735,                0.87034,                0.07164,                0.14622,                0.04875,                 2.0234,                 2.4851,                 1.3616,              0.0004832,              0.0004832,              0.0004832
                     24,                 1.8044,                 1.8576,                 1.3497,                0.90414,                0.07463,                0.16984,                0.06092,                 1.9612,                 2.3605,                 1.3393,             0.00050388,             0.00050388,             0.00050388
                     25,                 1.9612,                 1.8597,                 1.3677,                0.91058,                0.08955,                0.19783,                0.11359,                 1.8065,                 2.2482,                 1.3135,             0.00052449,             0.00052449,             0.00052449
                     26,                 1.8738,                 1.8213,                 1.4128,                0.91459,                0.09552,                0.20672,                 0.1174,                 1.8397,                 2.2894,                 1.3136,             0.00054504,             0.00054504,             0.00054504
                     27,                 1.8778,                 1.7906,                 1.2667,                0.89913,                0.09552,                0.18936,                0.10053,                 1.8864,                   2.27,                 1.3065,             0.00056551,             0.00056551,             0.00056551
                     28,                 1.8029,                 1.7431,                 1.3246,                0.89913,                0.09552,                0.18936,                0.10053,                 1.8864,                   2.27,                 1.3065,             0.00058592,             0.00058592,             0.00058592
                     29,                 1.7528,                  1.727,                 1.3134,                 0.9222,                0.10785,                0.28216,                0.16291,                 1.7114,                 1.9964,                 1.2792,             0.00060626,             0.00060626,             0.00060626
                     30,                 1.8659,                 1.6364,                 1.3547,                0.74713,                0.24925,                 0.2819,                0.15914,                 1.7609,                 1.9443,                 1.3224,             0.00062654,             0.00062654,             0.00062654
                     31,                 1.9238,                 1.6824,                  1.293,                0.74713,                0.24925,                 0.2819,                0.15914,                 1.7609,                 1.9443,                 1.3224,             0.00064674,             0.00064674,             0.00064674
                     32,                 1.9545,                 1.6474,                 1.2768,                0.80295,                0.21264,                0.25805,                0.12683,                 1.8477,                 1.9542,                  1.374,             0.00066688,             0.00066688,             0.00066688
                     33,                 1.8376,                 1.6095,                 1.3248,                0.66023,                0.34275,                0.24357,                0.11571,                 1.8857,                 2.0294,                 1.3805,             0.00068695,             0.00068695,             0.00068695
                     34,                 1.8323,                 1.5749,                 1.3122,                0.66023,                0.34275,                0.24357,                0.11571,                 1.8857,                 2.0294,                 1.3805,             0.00070696,             0.00070696,             0.00070696
                     35,                 1.8051,                 1.6361,                 1.2139,                0.39335,                0.47761,                 0.2689,                0.13328,                 1.8421,                  2.426,                 1.3484,             0.00072689,             0.00072689,             0.00072689
                     36,                 1.8008,                 1.5996,                 1.2836,                0.40257,                0.50149,                0.29252,                0.15067,                 1.6594,                 2.4987,                 1.2665,             0.00074676,             0.00074676,             0.00074676
                     37,                 1.7653,                 1.6473,                  1.302,                0.40257,                0.50149,                0.29252,                0.15067,                 1.6594,                 2.4987,                 1.2665,             0.00076656,             0.00076656,             0.00076656
                     38,                 1.6885,                 1.5312,                 1.2748,                0.74298,                0.32323,                0.32161,                0.15577,                  1.633,                 2.1867,                 1.2744,             0.00078629,             0.00078629,             0.00078629
                     39,                 1.7108,                 1.4982,                 1.2544,                0.44056,                0.45985,                0.33301,                0.15362,                 1.7099,                 2.2096,                 1.3516,             0.00080596,             0.00080596,             0.00080596
                     40,                 1.7728,                 1.4053,                 1.3399,                0.44056,                0.45985,                0.33301,                0.15362,                 1.7099,                 2.2096,                 1.3516,             0.00082556,             0.00082556,             0.00082556
                     41,                 1.7009,                 1.5526,                 1.3243,                0.45173,                0.45323,                0.30987,                0.14526,                 1.7614,                 2.2761,                 1.3653,             0.00084508,             0.00084508,             0.00084508
                     42,                 1.6353,                 1.5268,                 1.2683,                 0.4455,                0.59254,                0.33375,                0.16251,                 1.6288,                 2.4587,                 1.3132,             0.00086455,             0.00086455,             0.00086455
                     43,                 1.8337,                 1.4161,                 1.1692,                 0.4455,                0.59254,                0.33375,                0.16251,                 1.6288,                 2.4587,                 1.3132,             0.00088394,             0.00088394,             0.00088394
                     44,                 1.6181,                 1.4249,                 1.2683,                0.42454,                0.66816,                0.34285,                0.18148,                 1.5734,                 2.3888,                 1.2731,             0.00090327,             0.00090327,             0.00090327
                     45,                 1.5035,                 1.3898,                 1.2371,                0.42454,                0.66816,                0.34285,                0.18148,                 1.5734,                 2.3888,                 1.2731,             0.00092253,             0.00092253,             0.00092253
                     46,                 1.7986,                 1.4025,                 1.2296,                0.44542,                0.56517,                 0.3661,                0.21693,                 1.4312,                 2.0998,                 1.2431,             0.00094172,             0.00094172,             0.00094172
                     47,                 1.6737,                 1.5107,                 1.2969,                0.44542,                0.56517,                 0.3661,                0.21693,                 1.4312,                 2.0998,                 1.2431,             0.00096084,             0.00096084,             0.00096084
                     48,                 1.7497,                 1.5109,                 1.2137,                0.50887,                0.49967,                0.40503,                0.25377,                 1.5109,                 1.8261,                 1.2604,              0.0009799,              0.0009799,              0.0009799
                     49,                 1.7321,                 1.3377,                 1.2317,                0.50887,                0.49967,                0.40503,                0.25377,                 1.5109,                 1.8261,                 1.2604,             0.00099888,             0.00099888,             0.00099888
                     50,                 1.7296,                 1.5384,                 1.2827,                0.80507,                0.49825,                0.48765,                0.31652,                 1.5093,                 1.5367,                 1.2648,              0.0010178,              0.0010178,              0.0010178
                     51,                 1.7558,                 1.3763,                  1.198,                0.80507,                0.49825,                0.48765,                0.31652,                 1.5093,                 1.5367,                 1.2648,              0.0010264,              0.0010264,              0.0010264
                     52,                 1.6404,                 1.3496,                 1.2203,                0.81577,                0.48996,                0.54192,                0.35892,                 1.4627,                 1.4081,                 1.2695,              0.0010247,              0.0010247,              0.0010247
                     53,                 1.7301,                 1.3194,                 1.2207,                0.81577,                0.48996,                0.54192,                0.35892,                 1.4627,                 1.4081,                 1.2695,               0.001023,               0.001023,               0.001023
                     54,                 1.6857,                 1.3256,                 1.2472,                 0.6081,                0.49204,                0.57571,                0.39994,                 1.4019,                 1.3822,                 1.2844,              0.0010213,              0.0010213,              0.0010213
                     55,                 1.7788,                 1.3913,                 1.2436,                 0.6081,                0.49204,                0.57571,                0.39994,                 1.4019,                 1.3822,                 1.2844,              0.0010196,              0.0010196,              0.0010196
                     56,                 1.4912,                 1.2817,                 1.1947,                0.65319,                0.49502,                0.62486,                0.43478,                 1.4855,                 1.3742,                 1.3118,              0.0010179,              0.0010179,              0.0010179
                     57,                 1.6631,                 1.2634,                  1.225,                0.65319,                0.49502,                0.62486,                0.43478,                 1.4855,                 1.3742,                 1.3118,              0.0010162,              0.0010162,              0.0010162
                     58,                 1.7518,                 1.6094,                  1.283,                0.52261,                0.69738,                 0.6479,                0.46911,                 1.4561,                 1.3105,                 1.2479,              0.0010145,              0.0010145,              0.0010145
                     59,                 1.5697,                 1.2367,                 1.2246,                0.52261,                0.69738,                 0.6479,                0.46911,                 1.4561,                 1.3105,                 1.2479,              0.0010129,              0.0010129,              0.0010129
                     60,                 1.6551,                 1.3041,                 1.2231,                0.57229,                0.71373,                0.67086,                0.46814,                 1.4141,                 1.2398,                 1.2042,              0.0010112,              0.0010112,              0.0010112
                     61,                 1.6334,                 1.2768,                 1.2104,                0.57229,                0.71373,                0.67086,                0.46814,                 1.4141,                 1.2398,                 1.2042,              0.0010095,              0.0010095,              0.0010095
                     62,                 1.4559,                 1.2589,                 1.2002,                 0.5995,                0.72688,                0.70405,                0.50613,                  1.359,                  1.207,                 1.1842,              0.0010078,              0.0010078,              0.0010078
                     63,                 1.4719,                 1.1409,                 1.1903,                 0.5995,                0.72688,                0.70405,                0.50613,                  1.359,                  1.207,                 1.1842,              0.0010061,              0.0010061,              0.0010061
                     64,                 1.5944,                 1.2426,                 1.2818,                0.66044,                0.68495,                0.74568,                0.54606,                 1.2562,                  1.152,                 1.1591,              0.0010044,              0.0010044,              0.0010044
                     65,                 1.5783,                 1.2049,                 1.1547,                0.66044,                0.68495,                0.74568,                0.54606,                 1.2562,                  1.152,                 1.1591,              0.0010027,              0.0010027,              0.0010027
                     66,                 1.6355,                 1.1761,                  1.132,                0.73248,                 0.7157,                0.77634,                0.58962,                 1.2143,                 1.1024,                 1.1495,               0.001001,               0.001001,               0.001001
                     67,                 1.4662,                 1.1985,                 1.1487,                0.73248,                 0.7157,                0.77634,                0.58962,                 1.2143,                 1.1024,                 1.1495,             0.00099932,             0.00099932,             0.00099932
                     68,                 1.4751,                 1.1542,                 1.1905,                0.71972,                0.83616,                0.81072,                0.61898,                 1.1755,                 1.1203,                 1.1367,             0.00099763,             0.00099763,             0.00099763
                     69,                 1.4277,                 1.1869,                 1.1227,                0.71972,                0.83616,                0.81072,                0.61898,                 1.1755,                 1.1203,                 1.1367,             0.00099593,             0.00099593,             0.00099593
                     70,                 1.4762,                 1.2148,                 1.1832,                0.71483,                 0.7501,                0.80573,                0.60721,                 1.2814,                 1.2027,                 1.1376,             0.00099424,             0.00099424,             0.00099424
                     71,                 1.4335,                 1.0869,                  1.156,                0.71483,                 0.7501,                0.80573,                0.60721,                 1.2814,                 1.2027,                 1.1376,             0.00099255,             0.00099255,             0.00099255
                     72,                 1.5797,                 1.2333,                 1.1352,                0.73902,                 0.7314,                 0.8061,                0.59695,                 1.3579,                 1.2161,                 1.1422,             0.00099086,             0.00099086,             0.00099086
                     73,                  1.474,                 1.2086,                 1.1474,                0.73902,                 0.7314,                 0.8061,                0.59695,                 1.3579,                 1.2161,                 1.1422,             0.00098917,             0.00098917,             0.00098917
                     74,                 1.4073,                 1.2363,                 1.2235,                0.74155,                0.73224,                0.84634,                0.60761,                 1.2602,                 1.1523,                 1.1261,             0.00098747,             0.00098747,             0.00098747
                     75,                 1.4108,                 1.0789,                 1.1521,                0.74155,                0.73224,                0.84634,                0.60761,                 1.2602,                 1.1523,                 1.1261,             0.00098578,             0.00098578,             0.00098578
                     76,                 1.4195,                 1.1453,                 1.1741,                0.74719,                0.87114,                0.90521,                0.63472,                 1.2834,                 1.0961,                 1.1244,             0.00098409,             0.00098409,             0.00098409
                     77,                 1.6438,                 1.1696,                 1.1292,                0.74719,                0.87114,                0.90521,                0.63472,                 1.2834,                 1.0961,                 1.1244,              0.0009824,              0.0009824,              0.0009824
                     78,                 1.4309,                 1.0804,                  1.173,                0.76695,                0.89995,                0.91416,                0.64046,                 1.2844,                 1.0799,                 1.1201,             0.00098071,             0.00098071,             0.00098071
                     79,                 1.3246,                 1.1243,                 1.2146,                0.76695,                0.89995,                0.91416,                0.64046,                 1.2844,                 1.0799,                 1.1201,             0.00097901,             0.00097901,             0.00097901
                     80,                 1.2987,                 1.0394,                 1.1325,                0.77308,                 0.9248,                0.91409,                0.68401,                 1.2046,                 1.0853,                 1.1152,             0.00097732,             0.00097732,             0.00097732
                     81,                 1.3789,                 1.1018,                 1.1266,                0.77308,                 0.9248,                0.91409,                0.68401,                 1.2046,                 1.0853,                 1.1152,             0.00097563,             0.00097563,             0.00097563
                     82,                 1.3673,                 1.1521,                 1.1959,                0.77638,                0.86876,                0.89086,                0.67394,                 1.2881,                 1.0828,                 1.1311,             0.00097394,             0.00097394,             0.00097394
                     83,                 1.3209,                  1.018,                 1.1716,                0.77638,                0.86876,                0.89086,                0.67394,                 1.2881,                 1.0828,                 1.1311,             0.00097224,             0.00097224,             0.00097224
                     84,                 1.2378,                 1.0057,                 1.1354,                0.77975,                0.86248,                0.89723,                 0.6571,                 1.3222,                 1.1238,                 1.1558,             0.00097055,             0.00097055,             0.00097055
                     85,                 1.4439,                 1.0546,                 1.1242,                0.77975,                0.86248,                0.89723,                 0.6571,                 1.3222,                 1.1238,                 1.1558,             0.00096886,             0.00096886,             0.00096886
                     86,                 1.3426,                 1.1305,                 1.1796,                 0.7839,                0.86655,                0.90684,                0.66331,                 1.2689,                 1.1197,                  1.149,             0.00096717,             0.00096717,             0.00096717
                     87,                  1.419,                 1.0818,                 1.1268,                 0.7839,                0.86655,                0.90684,                0.66331,                 1.2689,                 1.1197,                  1.149,             0.00096548,             0.00096548,             0.00096548
                     88,                 1.4217,                 1.1301,                 1.1623,                0.79371,                0.91891,                0.91251,                 0.6883,                  1.165,                  1.017,                 1.1106,             0.00096378,             0.00096378,             0.00096378
                     89,                 1.3881,                 1.0934,                 1.1358,                0.79371,                0.91891,                0.91251,                 0.6883,                  1.165,                  1.017,                 1.1106,             0.00096209,             0.00096209,             0.00096209
                     90,                 1.2642,                0.98497,                  1.171,                0.95538,                0.77683,                0.91077,                0.68536,                 1.1919,                 1.0328,                 1.1168,              0.0009604,              0.0009604,              0.0009604
                     91,                 1.3214,                 1.0642,                 1.1265,                0.95538,                0.77683,                0.91077,                0.68536,                 1.1919,                 1.0328,                 1.1168,             0.00095871,             0.00095871,             0.00095871
                     92,                  1.287,                 1.0322,                 1.1989,                0.81686,                0.82223,                 0.9056,                0.63866,                 1.2693,                 1.0372,                 1.1151,             0.00095702,             0.00095702,             0.00095702
                     93,                 1.4243,                  1.097,                 1.1207,                0.81686,                0.82223,                 0.9056,                0.63866,                 1.2693,                 1.0372,                 1.1151,             0.00095532,             0.00095532,             0.00095532
                     94,                 1.3953,                 1.0635,                 1.1666,                 0.9233,                0.76576,                0.90826,                0.65961,                 1.2002,                 1.0118,                 1.1234,             0.00095363,             0.00095363,             0.00095363
                     95,                  1.528,                 1.0919,                 1.1164,                 0.9233,                0.76576,                0.90826,                0.65961,                 1.2002,                 1.0118,                 1.1234,             0.00095194,             0.00095194,             0.00095194
                     96,                 1.3702,                 1.0522,                 1.1639,                0.75298,                0.93229,                0.90912,                0.64726,                 1.1641,                0.99659,                  1.173,             0.00095025,             0.00095025,             0.00095025
                     97,                 1.3211,                 1.0168,                 1.1722,                0.75298,                0.93229,                0.90912,                0.64726,                 1.1641,                0.99659,                  1.173,             0.00094855,             0.00094855,             0.00094855
                     98,                 1.2568,                0.98488,                 1.1349,                0.86974,                0.86071,                0.92546,                0.70139,                 1.1521,                0.95961,                 1.1404,             0.00094686,             0.00094686,             0.00094686
                     99,                 1.3461,                 1.0127,                  1.098,                0.86974,                0.86071,                0.92546,                0.70139,                 1.1521,                0.95961,                 1.1404,             0.00094517,             0.00094517,             0.00094517
                    100,                 1.2004,                0.97082,                 1.1138,                0.79581,                0.92266,                0.93784,                0.71677,                  1.185,                0.98464,                 1.1336,             0.00094348,             0.00094348,             0.00094348
                    101,                 1.3606,                 1.0698,                 1.1148,                0.79581,                0.92266,                0.93784,                0.71677,                  1.185,                0.98464,                 1.1336,             0.00094179,             0.00094179,             0.00094179
                    102,                 1.4054,                 1.1269,                  1.105,                 0.7532,                0.91078,                0.93473,                0.69244,                 1.2925,                 1.0004,                 1.1456,             0.00094009,             0.00094009,             0.00094009
                    103,                 1.2232,                 1.0768,                 1.1696,                 0.7532,                0.91078,                0.93473,                0.69244,                 1.2925,                 1.0004,                 1.1456,              0.0009384,              0.0009384,              0.0009384
                    104,                  1.353,                 1.1171,                 1.1007,                0.81491,                0.92175,                0.95272,                0.71243,                 1.2572,                0.88417,                 1.1342,             0.00093671,             0.00093671,             0.00093671
                    105,                 1.1694,                0.96091,                 1.1341,                0.81491,                0.92175,                0.95272,                0.71243,                 1.2572,                0.88417,                 1.1342,             0.00093502,             0.00093502,             0.00093502
                    106,                 1.2221,                0.99201,                 1.1303,                0.91591,                0.86973,                0.96349,                0.71538,                 1.1246,                0.81578,                 1.1092,             0.00093333,             0.00093333,             0.00093333
                    107,                 1.2657,                 1.0471,                 1.1779,                0.91591,                0.86973,                0.96349,                0.71538,                 1.1246,                0.81578,                 1.1092,             0.00093163,             0.00093163,             0.00093163
                    108,                  1.509,                 1.0734,                 1.1003,                 0.8687,                 0.9095,                0.95985,                0.71184,                 1.0674,                0.88695,                  1.067,             0.00092994,             0.00092994,             0.00092994
                    109,                 1.2517,                 1.0035,                 1.1132,                 0.8687,                 0.9095,                0.95985,                0.71184,                 1.0674,                0.88695,                  1.067,             0.00092825,             0.00092825,             0.00092825
                    110,                 1.3196,                 1.0055,                 1.1076,                0.86646,                0.91042,                0.96016,                0.71162,                 1.0305,                0.88765,                 1.0687,             0.00092656,             0.00092656,             0.00092656
                    111,                 1.1558,                0.90727,                 1.1214,                0.86646,                0.91042,                0.96016,                0.71162,                 1.0305,                0.88765,                 1.0687,             0.00092486,             0.00092486,             0.00092486
                    112,                 1.3631,                 1.0644,                 1.1477,                0.87152,                0.91256,                0.97059,                0.69812,                 1.1166,                0.86466,                  1.109,             0.00092317,             0.00092317,             0.00092317
                    113,                 1.3209,                 1.0076,                 1.1262,                0.87152,                0.91256,                0.97059,                0.69812,                 1.1166,                0.86466,                  1.109,             0.00092148,             0.00092148,             0.00092148
                    114,                 1.2124,                0.93477,                 1.1475,                0.90839,                0.84629,                0.95844,                0.71394,                 1.1131,                0.91505,                 1.0804,             0.00091979,             0.00091979,             0.00091979
                    115,                 1.3427,                 1.0056,                 1.0789,                0.90839,                0.84629,                0.95844,                0.71394,                 1.1131,                0.91505,                 1.0804,              0.0009181,              0.0009181,              0.0009181
                    116,                 1.1648,                0.93095,                 1.1302,                0.94299,                0.78068,                0.95522,                0.74727,                 1.0463,                0.94615,                 1.0533,              0.0009164,              0.0009164,              0.0009164
                    117,                 1.2082,                 0.9754,                 1.0976,                0.94299,                0.78068,                0.95522,                0.74727,                 1.0463,                0.94615,                 1.0533,             0.00091471,             0.00091471,             0.00091471
                    118,                 1.2029,                0.94917,                 1.0824,                 0.8203,                0.86929,                0.94205,                0.72879,                 1.0641,                 0.9472,                 1.1009,             0.00091302,             0.00091302,             0.00091302
                    119,                 1.2004,                0.94458,                 1.1294,                 0.8203,                0.86929,                0.94205,                0.72879,                 1.0641,                 0.9472,                 1.1009,             0.00091133,             0.00091133,             0.00091133
                    120,                 1.2462,                0.99633,                 1.0916,                0.84203,                0.83654,                0.94889,                0.73094,                 1.0955,                0.91301,                 1.1381,             0.00090964,             0.00090964,             0.00090964
                    121,                 1.1942,                0.96669,                 1.1571,                0.84203,                0.83654,                0.94889,                0.73094,                 1.0955,                0.91301,                 1.1381,             0.00090794,             0.00090794,             0.00090794
                    122,                 1.2488,                 1.0087,                 1.1944,                0.80374,                0.95413,                0.96333,                0.76246,                 1.0234,                0.85714,                 1.0623,             0.00090625,             0.00090625,             0.00090625
                    123,                 1.2545,                 1.0239,                 1.0781,                0.80374,                0.95413,                0.96333,                0.76246,                 1.0234,                0.85714,                 1.0623,             0.00090456,             0.00090456,             0.00090456
                    124,                 1.1079,                0.92243,                 1.0696,                0.91571,                0.95941,                0.96779,                0.77684,                0.94388,                 0.7956,                 1.0288,             0.00090287,             0.00090287,             0.00090287
                    125,                 1.3484,                0.95071,                 1.0653,                0.91571,                0.95941,                0.96779,                0.77684,                0.94388,                 0.7956,                 1.0288,             0.00090117,             0.00090117,             0.00090117
                    126,                 1.1439,                0.88511,                 1.1057,                0.92189,                0.92806,                0.97631,                0.77888,                0.99199,                0.78448,                 1.0325,             0.00089948,             0.00089948,             0.00089948
                    127,                 1.2512,                0.93831,                 1.0424,                0.92189,                0.92806,                0.97631,                0.77888,                0.99199,                0.78448,                 1.0325,             0.00089779,             0.00089779,             0.00089779
                    128,                 1.1569,                0.93251,                 1.0863,                0.88262,                0.93118,                0.97562,                0.78302,                 1.0031,                0.78644,                 1.0241,              0.0008961,              0.0008961,              0.0008961
                    129,                 1.0953,                0.91188,                 1.0427,                0.88262,                0.93118,                0.97562,                0.78302,                 1.0031,                0.78644,                 1.0241,             0.00089441,             0.00089441,             0.00089441
                    130,                 1.0891,                0.86648,                 1.0525,                0.83026,                0.92521,                0.98045,                0.77901,                 1.0303,                0.82804,                 1.0296,             0.00089271,             0.00089271,             0.00089271
                    131,                 1.1982,                0.97286,                 1.0707,                0.83026,                0.92521,                0.98045,                0.77901,                 1.0303,                0.82804,                 1.0296,             0.00089102,             0.00089102,             0.00089102
                    132,                 1.0905,                0.89649,                 1.0576,                0.85648,                0.88945,                0.97996,                0.75241,                  1.058,                 0.8886,                 1.0447,             0.00088933,             0.00088933,             0.00088933
                    133,                 1.0724,                0.90289,                  1.075,                0.85648,                0.88945,                0.97996,                0.75241,                  1.058,                 0.8886,                 1.0447,             0.00088764,             0.00088764,             0.00088764
                    134,                 1.1355,                0.88532,                 1.1415,                0.87174,                0.98507,                0.98066,                0.77942,                0.98411,                 0.8954,                 1.0093,             0.00088595,             0.00088595,             0.00088595
                    135,                 1.0708,                0.84912,                 1.0572,                0.87174,                0.98507,                0.98066,                0.77942,                0.98411,                 0.8954,                 1.0093,             0.00088425,             0.00088425,             0.00088425
                    136,                 1.1292,                 0.8661,                 1.0592,                0.88763,                0.93602,                 0.9765,                0.79028,                0.96461,                0.93749,                 1.0314,             0.00088256,             0.00088256,             0.00088256
                    137,                  1.163,                0.88242,                 1.0584,                0.88763,                0.93602,                 0.9765,                0.79028,                0.96461,                0.93749,                 1.0314,             0.00088087,             0.00088087,             0.00088087
                    138,                 1.3881,                 1.0975,                 1.0259,                0.86525,                0.93589,                0.97298,                0.78703,                 1.0519,                0.98422,                 1.0838,             0.00087918,             0.00087918,             0.00087918
                    139,                 1.3112,                0.97035,                 1.0704,                0.86525,                0.93589,                0.97298,                0.78703,                 1.0519,                0.98422,                 1.0838,             0.00087748,             0.00087748,             0.00087748
                    140,                 1.2252,                  1.104,                 1.1358,                0.89994,                0.87052,                 0.9736,                 0.7785,                 1.0463,                0.97803,                 1.0762,             0.00087579,             0.00087579,             0.00087579
                    141,                 1.1184,                0.91603,                 1.0453,                0.89994,                0.87052,                 0.9736,                 0.7785,                 1.0463,                0.97803,                 1.0762,              0.0008741,              0.0008741,              0.0008741
                    142,                 1.0619,                 0.8939,                 1.0323,                0.89567,                0.89882,                0.97015,                0.77663,                 1.0633,                 0.9789,                 1.0721,             0.00087241,             0.00087241,             0.00087241
                    143,                 1.2548,                0.95148,                 1.0237,                0.89567,                0.89882,                0.97015,                0.77663,                 1.0633,                 0.9789,                 1.0721,             0.00087072,             0.00087072,             0.00087072
                    144,                 1.0891,                0.91374,                 1.0512,                0.88099,                0.93137,                0.96604,                0.77033,                 1.0346,                0.90894,                 1.0653,             0.00086902,             0.00086902,             0.00086902
                    145,                 1.0281,                0.89545,                 1.0602,                0.88099,                0.93137,                0.96604,                0.77033,                 1.0346,                0.90894,                 1.0653,             0.00086733,             0.00086733,             0.00086733
                    146,                 1.0139,                0.89618,                 1.0874,                0.90926,                0.93564,                0.97571,                 0.8082,                0.94553,                0.84056,                 1.0277,             0.00086564,             0.00086564,             0.00086564
                    147,                 1.2154,                0.90123,                 1.0446,                0.90926,                0.93564,                0.97571,                 0.8082,                0.94553,                0.84056,                 1.0277,             0.00086395,             0.00086395,             0.00086395
                    148,                0.99263,                0.89751,                 1.0411,                  0.913,                0.95549,                0.98591,                0.80775,                0.90546,                0.82161,                0.99218,             0.00086226,             0.00086226,             0.00086226
                    149,                 1.1194,                0.85577,                0.99029,                  0.913,                0.95549,                0.98591,                0.80775,                0.90546,                0.82161,                0.99218,             0.00086056,             0.00086056,             0.00086056
                    150,                 1.1457,                0.86061,                 1.0388,                0.92005,                0.97313,                0.98597,                0.79482,                0.91882,                0.81569,                0.97964,             0.00085887,             0.00085887,             0.00085887
                    151,                 1.0586,                0.84363,                 1.0187,                0.92005,                0.97313,                0.98597,                0.79482,                0.91882,                0.81569,                0.97964,             0.00085718,             0.00085718,             0.00085718
                    152,                 1.1074,                0.82999,                 1.0267,                0.94101,                0.96936,                0.98889,                0.77372,                0.98602,                0.78962,                0.99314,             0.00085549,             0.00085549,             0.00085549
                    153,                 1.1968,                0.89588,                 1.0314,                0.94101,                0.96936,                0.98889,                0.77372,                0.98602,                0.78962,                0.99314,             0.00085379,             0.00085379,             0.00085379
                    154,                 1.0556,                0.88168,                 1.0276,                0.97024,                0.95645,                0.99082,                0.77322,                0.97987,                0.77617,                0.98362,              0.0008521,              0.0008521,              0.0008521
                    155,                 1.0701,                0.84298,                  1.058,                0.97024,                0.95645,                0.99082,                0.77322,                0.97987,                0.77617,                0.98362,             0.00085041,             0.00085041,             0.00085041
                    156,                 1.1895,                0.88775,                 1.0466,                0.93968,                0.96399,                0.98619,                 0.7993,                0.99118,                0.80205,                0.98708,             0.00084872,             0.00084872,             0.00084872
                    157,                  1.289,                 1.1125,                 1.1509,                0.93968,                0.96399,                0.98619,                 0.7993,                0.99118,                0.80205,                0.98708,             0.00084703,             0.00084703,             0.00084703
                    158,                 1.0417,                0.82675,                 1.0478,                0.93246,                0.92905,                0.98404,                0.79014,                 1.0255,                0.81271,                 1.0011,             0.00084533,             0.00084533,             0.00084533
                    159,                 1.0089,                0.79742,                 1.0386,                0.93246,                0.92905,                0.98404,                0.79014,                 1.0255,                0.81271,                 1.0011,             0.00084364,             0.00084364,             0.00084364
                    160,                 1.0575,                0.81323,                  1.028,                0.88982,                0.94327,                0.98553,                 0.7994,                0.98587,                0.78269,                0.98833,             0.00084195,             0.00084195,             0.00084195
                    161,                 1.0741,                0.86498,                 1.0525,                0.88982,                0.94327,                0.98553,                 0.7994,                0.98587,                0.78269,                0.98833,             0.00084026,             0.00084026,             0.00084026
                    162,                 1.1014,                0.80398,                 1.0166,                0.90584,                0.94325,                0.98729,                0.81437,                0.91388,                 0.7367,                 0.9619,             0.00083857,             0.00083857,             0.00083857
                    163,                0.94979,                 0.7901,                 1.0174,                0.90584,                0.94325,                0.98729,                0.81437,                0.91388,                 0.7367,                 0.9619,             0.00083687,             0.00083687,             0.00083687
                    164,                  0.997,                0.81111,                 1.0185,                0.91251,                0.95445,                0.99053,                0.81123,                 0.8978,                0.73208,                0.96707,             0.00083518,             0.00083518,             0.00083518
                    165,                  1.055,                0.92176,                0.99366,                0.91251,                0.95445,                0.99053,                0.81123,                 0.8978,                0.73208,                0.96707,             0.00083349,             0.00083349,             0.00083349
                    166,                 1.0631,                0.89587,                 1.0854,                0.95254,                 0.9145,                0.99263,                0.81834,                 0.8841,                0.73904,                0.97329,              0.0008318,              0.0008318,              0.0008318
                    167,                0.99933,                0.80305,                0.99223,                0.95254,                 0.9145,                0.99263,                0.81834,                 0.8841,                0.73904,                0.97329,             0.00083011,             0.00083011,             0.00083011
                    168,                 0.9602,                0.83187,                 1.0233,                0.95028,                0.88012,                 0.9906,                0.78721,                0.93788,                0.75504,                0.98877,             0.00082841,             0.00082841,             0.00082841
                    169,                 0.9702,                0.80347,                0.99443,                0.95028,                0.88012,                 0.9906,                0.78721,                0.93788,                0.75504,                0.98877,             0.00082672,             0.00082672,             0.00082672
                    170,                 1.0199,                0.82333,                 1.0036,                0.89617,                0.95692,                0.99101,                0.77157,                0.92098,                0.75901,                0.99962,             0.00082503,             0.00082503,             0.00082503
                    171,                 0.9872,                0.79331,                  1.014,                0.89617,                0.95692,                0.99101,                0.77157,                0.92098,                0.75901,                0.99962,             0.00082334,             0.00082334,             0.00082334
                    172,                0.96076,                0.77223,                 1.0329,                0.95423,                0.92225,                0.99178,                0.78002,                0.90421,                0.74888,                0.99622,             0.00082164,             0.00082164,             0.00082164
                    173,                 1.0107,                0.81313,                 1.0108,                0.95423,                0.92225,                0.99178,                0.78002,                0.90421,                0.74888,                0.99622,             0.00081995,             0.00081995,             0.00081995
                    174,                 1.0329,                0.79261,                 1.0229,                0.95443,                0.93837,                0.99061,                0.78433,                0.92835,                0.76264,                0.99483,             0.00081826,             0.00081826,             0.00081826
                    175,                0.96606,                0.76998,                 1.0558,                0.95443,                0.93837,                0.99061,                0.78433,                0.92835,                0.76264,                0.99483,             0.00081657,             0.00081657,             0.00081657
                    176,                 1.1098,                0.81634,                 1.0136,                 0.9421,                0.95128,                0.99207,                0.79023,                0.93515,                0.75253,                 1.0002,             0.00081488,             0.00081488,             0.00081488
                    177,                 1.0301,                0.81543,                 1.0074,                 0.9421,                0.95128,                0.99207,                0.79023,                0.93515,                0.75253,                 1.0002,             0.00081318,             0.00081318,             0.00081318
                    178,                 1.0754,                0.80514,                 1.0005,                0.94391,                0.95144,                0.99226,                0.80511,                0.89771,                0.72328,                0.99085,             0.00081149,             0.00081149,             0.00081149
                    179,                0.92282,                0.74025,                 1.0056,                0.94391,                0.95144,                0.99226,                0.80511,                0.89771,                0.72328,                0.99085,              0.0008098,              0.0008098,              0.0008098
                    180,                0.94462,                0.73798,                 0.9871,                0.94258,                0.96647,                0.99238,                0.81241,                0.82012,                0.68791,                0.95661,             0.00080811,             0.00080811,             0.00080811
                    181,                0.95706,                0.78729,                0.98838,                0.94258,                0.96647,                0.99238,                0.81241,                0.82012,                0.68791,                0.95661,             0.00080642,             0.00080642,             0.00080642
                    182,                0.93866,                0.80672,                 1.0061,                 0.9775,                0.93722,                0.99236,                0.81966,                 0.8073,                 0.6702,                0.94641,             0.00080472,             0.00080472,             0.00080472
                    183,                0.94056,                0.77268,                 1.0272,                 0.9775,                0.93722,                0.99236,                0.81966,                 0.8073,                 0.6702,                0.94641,             0.00080303,             0.00080303,             0.00080303
                    184,                 1.0091,                  0.813,                 1.0075,                0.98395,                0.93916,                0.99296,                0.82858,                0.77812,                0.65548,                0.94806,             0.00080134,             0.00080134,             0.00080134
                    185,                0.92342,                0.75968,                0.97917,                0.98395,                0.93916,                0.99296,                0.82858,                0.77812,                0.65548,                0.94806,             0.00079965,             0.00079965,             0.00079965
                    186,                 1.1694,                0.90329,                 1.0186,                 0.9211,                 0.9791,                0.98879,                0.82553,                 0.7922,                0.64245,                0.95573,             0.00079795,             0.00079795,             0.00079795
                    187,                   1.05,                0.80159,                0.97516,                 0.9211,                 0.9791,                0.98879,                0.82553,                 0.7922,                0.64245,                0.95573,             0.00079626,             0.00079626,             0.00079626
                    188,                 1.0464,                0.81597,                0.98397,                0.97665,                0.93371,                0.99312,                0.80658,                0.83222,                0.65429,                0.96957,             0.00079457,             0.00079457,             0.00079457
                    189,                 1.0294,                0.81122,                0.99507,                0.97665,                0.93371,                0.99312,                0.80658,                0.83222,                0.65429,                0.96957,             0.00079288,             0.00079288,             0.00079288
                    190,                0.99581,                0.78388,                0.98513,                0.98081,                0.93195,                0.99373,                0.81251,                0.84893,                0.67484,                0.97011,             0.00079119,             0.00079119,             0.00079119
                    191,                 1.0681,                 0.8471,                0.97186,                0.98081,                0.93195,                0.99373,                0.81251,                0.84893,                0.67484,                0.97011,             0.00078949,             0.00078949,             0.00078949
                    192,                 1.0831,                0.82094,                 1.0179,                0.97498,                0.94129,                0.99318,                0.80786,                 0.8301,                0.69085,                0.95916,              0.0007878,              0.0007878,              0.0007878
                    193,                0.98032,                0.77201,                0.98665,                0.97498,                0.94129,                0.99318,                0.80786,                 0.8301,                0.69085,                0.95916,             0.00078611,             0.00078611,             0.00078611
                    194,                0.93677,                0.76959,                 0.9932,                0.97517,                0.95021,                0.99261,                0.81678,                0.78369,                0.67443,                0.94997,             0.00078442,             0.00078442,             0.00078442
                    195,                0.98929,                0.76911,                0.99701,                0.97517,                0.95021,                0.99261,                0.81678,                0.78369,                0.67443,                0.94997,             0.00078273,             0.00078273,             0.00078273
                    196,                0.88983,                0.76229,                 1.0018,                0.97509,                0.95003,                0.99272,                 0.8165,                0.78012,                0.67315,                0.94924,             0.00078103,             0.00078103,             0.00078103
                    197,                0.89807,                0.73842,                0.96714,                0.97509,                0.95003,                0.99272,                 0.8165,                0.78012,                0.67315,                0.94924,             0.00077934,             0.00077934,             0.00077934
                    198,                0.92782,                0.81964,                0.99432,                0.96071,                0.97313,                0.99316,                0.83577,                0.76577,                0.63604,                 0.9433,             0.00077765,             0.00077765,             0.00077765
                    199,                0.94976,                0.75529,                 1.0033,                0.96071,                0.97313,                0.99316,                0.83577,                0.76577,                0.63604,                 0.9433,             0.00077596,             0.00077596,             0.00077596
                    200,                0.96077,                0.88411,                0.96402,                0.96523,                0.96754,                 0.9934,                0.82126,                0.83975,                0.64133,                0.95671,             0.00077426,             0.00077426,             0.00077426
                    201,                 1.0268,                 0.8161,                 1.0325,                0.96523,                0.96754,                 0.9934,                0.82126,                0.83975,                0.64133,                0.95671,             0.00077257,             0.00077257,             0.00077257
                    202,                0.91471,                0.74839,                 1.0077,                0.97419,                0.95814,                0.99322,                0.78804,                0.96619,                0.67334,                0.96404,             0.00077088,             0.00077088,             0.00077088
                    203,                0.96394,                0.76143,                0.97378,                0.97419,                0.95814,                0.99322,                0.78804,                0.96619,                0.67334,                0.96404,             0.00076919,             0.00076919,             0.00076919
                    204,                0.92825,                0.75778,                0.99076,                0.97852,                0.93363,                0.99276,                0.80675,                0.88711,                0.65735,                0.94769,              0.0007675,              0.0007675,              0.0007675
                    205,                0.90035,                0.74428,                0.96565,                0.97852,                0.93363,                0.99276,                0.80675,                0.88711,                0.65735,                0.94769,              0.0007658,              0.0007658,              0.0007658
                    206,                0.95007,                0.76225,                0.96787,                0.96404,                0.93286,                 0.9925,                0.81991,                0.76979,                0.65265,                0.93572,             0.00076411,             0.00076411,             0.00076411
                    207,                0.87651,                0.71685,                0.96431,                0.96404,                0.93286,                 0.9925,                0.81991,                0.76979,                0.65265,                0.93572,             0.00076242,             0.00076242,             0.00076242
                    208,                 1.0275,                0.78664,                0.93802,                0.95712,                0.93954,                0.99285,                0.80925,                0.82432,                0.65264,                0.94397,             0.00076073,             0.00076073,             0.00076073
                    209,                0.99399,                 0.7464,                0.97656,                0.95712,                0.93954,                0.99285,                0.80925,                0.82432,                0.65264,                0.94397,             0.00075904,             0.00075904,             0.00075904
                    210,                 0.9232,                0.75625,                 0.9565,                0.94935,                 0.9616,                0.99239,                0.80629,                0.83986,                0.64783,                0.94702,             0.00075734,             0.00075734,             0.00075734
                    211,                0.86619,                0.73185,                0.97312,                0.94935,                 0.9616,                0.99239,                0.80629,                0.83986,                0.64783,                0.94702,             0.00075565,             0.00075565,             0.00075565
                    212,                0.92483,                0.73463,                0.98649,                0.95874,                0.95147,                0.99185,                0.81904,                0.80657,                0.66111,                 0.9398,             0.00075396,             0.00075396,             0.00075396
                    213,                0.95308,                0.74387,                 1.0024,                0.95874,                0.95147,                0.99185,                0.81904,                0.80657,                0.66111,                 0.9398,             0.00075227,             0.00075227,             0.00075227
                    214,                0.95599,                0.74454,                0.97478,                0.95348,                0.94418,                 0.9909,                0.81722,                0.83334,                0.70045,                 0.9322,             0.00075057,             0.00075057,             0.00075057
                    215,                0.92251,                0.76939,                  1.008,                0.95348,                0.94418,                 0.9909,                0.81722,                0.83334,                0.70045,                 0.9322,             0.00074888,             0.00074888,             0.00074888
                    216,                 1.1143,                0.77577,                0.98161,                0.95362,                0.94028,                0.98852,                 0.8191,                0.83275,                0.71179,                0.93569,             0.00074719,             0.00074719,             0.00074719
                    217,                0.91431,                0.72894,                0.97113,                0.95362,                0.94028,                0.98852,                 0.8191,                0.83275,                0.71179,                0.93569,              0.0007455,              0.0007455,              0.0007455
                    218,                 1.1391,                0.79981,                0.97989,                0.96128,                0.94434,                0.98984,                 0.8048,                0.78525,                0.69057,                0.92468,             0.00074381,             0.00074381,             0.00074381
                    219,                0.93638,                0.74525,                0.95523,                0.96128,                0.94434,                0.98984,                 0.8048,                0.78525,                0.69057,                0.92468,             0.00074211,             0.00074211,             0.00074211
                    220,                0.92081,                0.71871,                0.95954,                0.95173,                0.95281,                0.99023,                0.79008,                0.79254,                0.68021,                0.92521,             0.00074042,             0.00074042,             0.00074042
                    221,                 1.0725,                0.76895,                 1.0148,                0.95173,                0.95281,                0.99023,                0.79008,                0.79254,                0.68021,                0.92521,             0.00073873,             0.00073873,             0.00073873
                    222,                 1.0207,                 0.7801,                0.94073,                0.95347,                0.95209,                0.98909,                0.78583,                 0.8131,                0.68055,                0.93331,             0.00073704,             0.00073704,             0.00073704
                    223,                  1.012,                0.77911,                0.99192,                0.95347,                0.95209,                0.98909,                0.78583,                 0.8131,                0.68055,                0.93331,             0.00073535,             0.00073535,             0.00073535
                    224,                0.99851,                 0.7552,                0.97074,                0.96221,                0.93961,                0.98737,                0.79456,                0.79032,                0.68697,                0.93774,             0.00073365,             0.00073365,             0.00073365
                    225,                0.94234,                0.75008,                0.96109,                0.96221,                0.93961,                0.98737,                0.79456,                0.79032,                0.68697,                0.93774,             0.00073196,             0.00073196,             0.00073196
                    226,                0.91136,                0.75422,                0.97018,                0.96056,                0.95148,                 0.9886,                 0.7934,                0.92773,                0.69825,                 0.9561,             0.00073027,             0.00073027,             0.00073027
                    227,                  1.046,                0.74497,                0.98195,                0.96056,                0.95148,                 0.9886,                 0.7934,                0.92773,                0.69825,                 0.9561,             0.00072858,             0.00072858,             0.00072858
                    228,                0.95661,                0.75606,                0.98214,                0.96825,                0.94506,                0.98961,                0.78582,                 1.0572,                0.71209,                0.96862,             0.00072688,             0.00072688,             0.00072688
                    229,                 1.4727,                0.98016,                0.99259,                0.96825,                0.94506,                0.98961,                0.78582,                 1.0572,                0.71209,                0.96862,             0.00072519,             0.00072519,             0.00072519
                    230,                 1.0683,                0.75813,                  1.011,                0.95866,                0.95441,                0.99221,                0.78497,                  1.041,                0.70306,                 0.9524,              0.0007235,              0.0007235,              0.0007235
                    231,                 1.1329,                0.75553,                 0.9943,                0.95866,                0.95441,                0.99221,                0.78497,                  1.041,                0.70306,                 0.9524,             0.00072181,             0.00072181,             0.00072181
                    232,                 1.3902,                0.78535,                0.99865,                0.96089,                0.95389,                0.99335,                0.78319,                0.91571,                0.67162,                0.93915,             0.00072012,             0.00072012,             0.00072012
                    233,                 1.1123,                0.76128,                0.98901,                0.96089,                0.95389,                0.99335,                0.78319,                0.91571,                0.67162,                0.93915,             0.00071842,             0.00071842,             0.00071842
                    234,                0.98467,                0.72452,                0.96935,                0.96621,                0.96294,                0.99247,                0.77136,                0.84197,                0.65906,                0.95247,             0.00071673,             0.00071673,             0.00071673
                    235,                 1.1401,                0.87631,                 0.9598,                0.96621,                0.96294,                0.99247,                0.77136,                0.84197,                0.65906,                0.95247,             0.00071504,             0.00071504,             0.00071504
                    236,                  1.041,                0.75532,                0.99538,                0.96876,                0.96599,                0.99252,                0.77346,                0.86492,                0.64397,                0.95246,             0.00071335,             0.00071335,             0.00071335
                    237,                0.94733,                0.75868,                0.98001,                0.96876,                0.96599,                0.99252,                0.77346,                0.86492,                0.64397,                0.95246,             0.00071166,             0.00071166,             0.00071166
                    238,                 1.0625,                0.83479,                   1.02,                0.95794,                0.96315,                0.99277,                 0.7986,                0.83583,                0.64866,                0.93939,             0.00070996,             0.00070996,             0.00070996
                    239,                0.99447,                0.75292,                 0.9728,                0.95794,                0.96315,                0.99277,                 0.7986,                0.83583,                0.64866,                0.93939,             0.00070827,             0.00070827,             0.00070827
                    240,                0.98577,                0.75786,                0.98048,                0.96679,                0.94127,                0.99161,                0.79695,                0.86575,                0.70733,                0.93629,             0.00070658,             0.00070658,             0.00070658
                    241,                 1.0202,                0.79429,                0.97115,                0.96679,                0.94127,                0.99161,                0.79695,                0.86575,                0.70733,                0.93629,             0.00070489,             0.00070489,             0.00070489
                    242,                0.94099,                0.72816,                0.95595,                0.94473,                0.95889,                0.98898,                0.76288,                 1.0073,                0.76477,                0.95039,             0.00070319,             0.00070319,             0.00070319
                    243,                0.96437,                0.75087,                0.98255,                0.94473,                0.95889,                0.98898,                0.76288,                 1.0073,                0.76477,                0.95039,              0.0007015,              0.0007015,              0.0007015
                    244,                0.95319,                0.74747,                0.98571,                0.95283,                0.95682,                0.99008,                0.78397,                0.88873,                0.71213,                0.93426,             0.00069981,             0.00069981,             0.00069981
                    245,                 0.9709,                0.74469,                0.96935,                0.95283,                0.95682,                0.99008,                0.78397,                0.88873,                0.71213,                0.93426,             0.00069812,             0.00069812,             0.00069812
                    246,                0.91017,                0.71995,                0.97032,                0.96988,                0.94387,                0.99181,                0.82233,                0.71928,                 0.6106,                0.90873,             0.00069643,             0.00069643,             0.00069643
                    247,                  1.011,                0.77051,                0.97133,                0.96988,                0.94387,                0.99181,                0.82233,                0.71928,                 0.6106,                0.90873,             0.00069473,             0.00069473,             0.00069473
                    248,                0.90412,                0.72703,                0.93248,                0.94817,                 0.9746,                0.99233,                0.81524,                0.75172,                0.58723,                0.92125,             0.00069304,             0.00069304,             0.00069304
                    249,                0.96127,                0.76108,                0.93689,                0.94817,                 0.9746,                0.99233,                0.81524,                0.75172,                0.58723,                0.92125,             0.00069135,             0.00069135,             0.00069135
                    250,                0.85644,                0.68326,                0.94936,                0.96492,                 0.9535,                0.99199,                 0.7752,                0.87654,                0.63135,                 0.9448,             0.00068966,             0.00068966,             0.00068966
                    251,                0.97352,                0.74374,                0.97967,                0.96492,                 0.9535,                0.99199,                 0.7752,                0.87654,                0.63135,                 0.9448,             0.00068797,             0.00068797,             0.00068797
                    252,                0.83621,                0.69385,                0.97724,                0.95576,                0.95586,                0.99193,                0.81139,                0.76547,                0.60665,                0.92652,             0.00068627,             0.00068627,             0.00068627
                    253,                 0.9465,                0.72334,                0.94761,                0.95576,                0.95586,                0.99193,                0.81139,                0.76547,                0.60665,                0.92652,             0.00068458,             0.00068458,             0.00068458
                    254,                0.83621,                0.67655,                0.94931,                0.93929,                0.95367,                0.99183,                0.82446,                0.72798,                0.59726,                0.92094,             0.00068289,             0.00068289,             0.00068289
                    255,                0.91219,                0.72962,                0.96327,                0.93929,                0.95367,                0.99183,                0.82446,                0.72798,                0.59726,                0.92094,              0.0006812,              0.0006812,              0.0006812
                    256,                0.89419,                0.72913,                0.94817,                0.94006,                0.95322,                0.99174,                0.82034,                0.68973,                0.59287,                0.91222,              0.0006795,              0.0006795,              0.0006795
                    257,                0.86017,                0.69204,                0.96384,                0.94006,                0.95322,                0.99174,                0.82034,                0.68973,                0.59287,                0.91222,             0.00067781,             0.00067781,             0.00067781
                    258,                0.97229,                0.96962,                0.93299,                0.95954,                0.94925,                 0.9923,                0.82216,                0.69895,                0.58844,                0.91127,             0.00067612,             0.00067612,             0.00067612
                    259,                0.81883,                0.67221,                0.92835,                0.95954,                0.94925,                 0.9923,                0.82216,                0.69895,                0.58844,                0.91127,             0.00067443,             0.00067443,             0.00067443
                    260,                0.84522,                0.69509,                0.94676,                0.96471,                0.95522,                0.99214,                0.82844,                0.75568,                0.58947,                0.91171,             0.00067274,             0.00067274,             0.00067274
                    261,                0.91634,                0.70632,                0.96317,                0.96471,                0.95522,                0.99214,                0.82844,                0.75568,                0.58947,                0.91171,             0.00067104,             0.00067104,             0.00067104
                    262,                0.86238,                0.66527,                0.94778,                0.96496,                  0.965,                0.99182,                0.82909,                0.74778,                0.58593,                 0.9067,             0.00066935,             0.00066935,             0.00066935
                    263,                0.84554,                0.66309,                0.97556,                0.96496,                  0.965,                0.99182,                0.82909,                0.74778,                0.58593,                 0.9067,             0.00066766,             0.00066766,             0.00066766
                    264,                  0.935,                0.70676,                0.96448,                0.96771,                0.96119,                0.99063,                0.81934,                0.73142,                0.58719,                0.90222,             0.00066597,             0.00066597,             0.00066597
                    265,                 0.8778,                0.70733,                0.94045,                0.96771,                0.96119,                0.99063,                0.81934,                0.73142,                0.58719,                0.90222,             0.00066428,             0.00066428,             0.00066428
                    266,                0.85936,                0.68666,                0.93843,                0.95966,                0.97015,                0.99255,                0.82408,                0.73664,                0.58257,                0.89465,             0.00066258,             0.00066258,             0.00066258
                    267,                 0.9743,                0.75759,                0.92553,                0.95966,                0.97015,                0.99255,                0.82408,                0.73664,                0.58257,                0.89465,             0.00066089,             0.00066089,             0.00066089
                    268,                0.85692,                0.69513,                0.93475,                0.95441,                0.96034,                0.99248,                0.82272,                0.75962,                0.58476,                 0.8997,              0.0006592,              0.0006592,              0.0006592
                    269,                0.88322,                 0.6684,                0.96297,                0.95441,                0.96034,                0.99248,                0.82272,                0.75962,                0.58476,                 0.8997,             0.00065751,             0.00065751,             0.00065751
                    270,                0.95372,                0.75761,                0.93713,                0.96004,                0.95925,                0.99319,                0.83271,                0.74668,                0.58579,                0.90115,             0.00065581,             0.00065581,             0.00065581
                    271,                0.83457,                0.73747,                0.95288,                0.96004,                0.95925,                0.99319,                0.83271,                0.74668,                0.58579,                0.90115,             0.00065412,             0.00065412,             0.00065412
                    272,                0.84258,                0.72147,                0.93417,                0.96647,                0.95591,                0.99198,                0.83446,                0.74572,                0.58906,                0.90344,             0.00065243,             0.00065243,             0.00065243
                    273,                0.91419,                0.74368,                0.95002,                0.96647,                0.95591,                0.99198,                0.83446,                0.74572,                0.58906,                0.90344,             0.00065074,             0.00065074,             0.00065074
                    274,                0.86518,                0.70262,                 0.9384,                0.97648,                0.95626,                0.99234,                0.82299,                0.73349,                0.59018,                0.90494,             0.00064905,             0.00064905,             0.00064905
                    275,                0.80914,                0.63519,                0.93073,                0.97648,                0.95626,                0.99234,                0.82299,                0.73349,                0.59018,                0.90494,             0.00064735,             0.00064735,             0.00064735
                    276,                0.92427,                0.72177,                0.92722,                0.96363,                  0.965,                0.99271,                0.83708,                0.73212,                0.57886,                0.89991,             0.00064566,             0.00064566,             0.00064566
                    277,                0.82526,                0.64799,                 0.9625,                0.96363,                  0.965,                0.99271,                0.83708,                0.73212,                0.57886,                0.89991,             0.00064397,             0.00064397,             0.00064397
                    278,                0.99714,                0.70815,                 0.9259,                0.96596,                0.96396,                0.99291,                0.82441,                0.73206,                0.58779,                0.89415,             0.00064228,             0.00064228,             0.00064228
                    279,                  0.818,                0.62705,                0.93905,                0.96596,                0.96396,                0.99291,                0.82441,                0.73206,                0.58779,                0.89415,             0.00064059,             0.00064059,             0.00064059
                    280,                0.95774,                0.68635,                0.92517,                0.96394,                0.95933,                0.99254,                 0.7945,                0.80393,                 0.5964,                0.89847,             0.00063889,             0.00063889,             0.00063889
                    281,                0.89681,                0.66772,                0.92432,                0.96394,                0.95933,                0.99254,                 0.7945,                0.80393,                 0.5964,                0.89847,              0.0006372,              0.0006372,              0.0006372
                    282,                0.80107,                0.65163,                0.94767,                0.95859,                0.96346,                0.99319,                0.78762,                0.80922,                0.59687,                 0.8947,             0.00063551,             0.00063551,             0.00063551
                    283,                0.88029,                 0.6697,                0.94762,                0.95859,                0.96346,                0.99319,                0.78762,                0.80922,                0.59687,                 0.8947,             0.00063382,             0.00063382,             0.00063382
                    284,                0.95729,                0.81796,                0.95972,                0.97475,                0.95391,                0.99318,                0.79823,                0.75442,                0.58598,                0.88915,             0.00063212,             0.00063212,             0.00063212
                    285,                0.82861,                0.64486,                0.92891,                0.97475,                0.95391,                0.99318,                0.79823,                0.75442,                0.58598,                0.88915,             0.00063043,             0.00063043,             0.00063043
                    286,                0.83467,                0.66265,                0.95347,                0.97604,                0.95352,                0.99349,                 0.8197,                0.72712,                0.58429,                0.88781,             0.00062874,             0.00062874,             0.00062874
                    287,                0.78493,                0.66055,                0.92369,                0.97604,                0.95352,                0.99349,                 0.8197,                0.72712,                0.58429,                0.88781,             0.00062705,             0.00062705,             0.00062705
                    288,                0.87677,                0.71636,                0.92766,                0.97325,                0.95821,                0.99412,                0.82562,                0.72146,                0.56883,                0.89329,             0.00062536,             0.00062536,             0.00062536
                    289,                0.94704,                0.76925,                0.96783,                0.97325,                0.95821,                0.99412,                0.82562,                0.72146,                0.56883,                0.89329,             0.00062366,             0.00062366,             0.00062366
                    290,                0.90086,                0.70824,                0.97722,                0.97667,                 0.9582,                0.99395,                0.82572,                0.72143,                0.58508,                0.88609,             0.00062197,             0.00062197,             0.00062197
                    291,                 1.0382,                0.69949,                0.91113,                0.97667,                 0.9582,                0.99395,                0.82572,                0.72143,                0.58508,                0.88609,             0.00062028,             0.00062028,             0.00062028
                    292,                0.83634,                 0.6339,                0.94671,                0.96129,                0.98106,                0.99411,                0.81924,                0.76799,                0.64316,                0.90701,             0.00061859,             0.00061859,             0.00061859
                    293,                0.86187,                0.69722,                0.95626,                0.96129,                0.98106,                0.99411,                0.81924,                0.76799,                0.64316,                0.90701,              0.0006169,              0.0006169,              0.0006169
                    294,                0.95883,                0.69851,                0.95285,                0.96022,                0.97714,                0.99317,                0.82425,                0.79916,                  0.626,                 0.9001,              0.0006152,              0.0006152,              0.0006152
                    295,                0.89348,                0.69541,                0.93382,                0.96022,                0.97714,                0.99317,                0.82425,                0.79916,                  0.626,                 0.9001,             0.00061351,             0.00061351,             0.00061351
                    296,                0.95729,                0.70375,                0.91076,                0.97503,                0.96119,                0.99344,                0.82161,                0.85232,                0.60277,                0.90074,             0.00061182,             0.00061182,             0.00061182
                    297,                 0.8981,                0.69147,                  0.961,                0.97503,                0.96119,                0.99344,                0.82161,                0.85232,                0.60277,                0.90074,             0.00061013,             0.00061013,             0.00061013
                    298,                0.86821,                0.65112,                0.92822,                0.96129,                0.97313,                0.99366,                0.79241,                0.92152,                0.61149,                 0.9248,             0.00060843,             0.00060843,             0.00060843
                    299,                 0.9847,                0.72232,                 0.9645,                0.96129,                0.97313,                0.99366,                0.79241,                0.92152,                0.61149,                 0.9248,             0.00060674,             0.00060674,             0.00060674
                    300,                0.87003,                0.64319,                0.92524,                0.96352,                0.95735,                0.99359,                0.77395,                0.92462,                 0.6316,                0.93821,             0.00060505,             0.00060505,             0.00060505
                    301,                0.96584,                0.69445,                0.94706,                0.96352,                0.95735,                0.99359,                0.77395,                0.92462,                 0.6316,                0.93821,             0.00060336,             0.00060336,             0.00060336
                    302,                0.94944,                0.72549,                0.92091,                0.96412,                0.95105,                0.99341,                0.76944,                0.86316,                0.63353,                0.92666,             0.00060167,             0.00060167,             0.00060167
                    303,                0.88416,                0.68563,                0.94168,                0.96412,                0.95105,                0.99341,                0.76944,                0.86316,                0.63353,                0.92666,             0.00059997,             0.00059997,             0.00059997
                    304,                 0.8941,                0.65291,                0.93492,                0.96596,                0.95432,                0.99282,                0.82283,                0.74205,                0.60325,                0.90118,             0.00059828,             0.00059828,             0.00059828
                    305,                0.84158,                0.62331,                0.94475,                0.96596,                0.95432,                0.99282,                0.82283,                0.74205,                0.60325,                0.90118,             0.00059659,             0.00059659,             0.00059659
                    306,                0.82305,                0.63818,                 0.9402,                0.96008,                0.96779,                0.99312,                0.83805,                0.68912,                0.58237,                0.88656,              0.0005949,              0.0005949,              0.0005949
                    307,                0.92771,                0.70796,                0.93865,                0.96008,                0.96779,                0.99312,                0.83805,                0.68912,                0.58237,                0.88656,             0.00059321,             0.00059321,             0.00059321
                    308,                0.87954,                 0.6475,                0.92388,                0.97432,                0.96966,                0.99326,                0.84868,                0.68274,                0.57019,                0.87719,             0.00059151,             0.00059151,             0.00059151
                    309,                0.94663,                  0.711,                0.93441,                0.97432,                0.96966,                0.99326,                0.84868,                0.68274,                0.57019,                0.87719,             0.00058982,             0.00058982,             0.00058982
                    310,                0.83759,                0.66247,                0.92582,                0.98064,                0.96497,                 0.9936,                0.83814,                 0.6768,                0.56705,                0.87142,             0.00058813,             0.00058813,             0.00058813
                    311,                0.80707,                0.64322,                0.93548,                0.98064,                0.96497,                 0.9936,                0.83814,                 0.6768,                0.56705,                0.87142,             0.00058644,             0.00058644,             0.00058644
                    312,                 0.9536,                0.74143,                0.93298,                 0.9751,                0.97313,                0.99389,                0.84047,                0.67648,                0.56432,                0.87362,             0.00058474,             0.00058474,             0.00058474
                    313,                0.80143,                0.63315,                0.94582,                 0.9751,                0.97313,                0.99389,                0.84047,                0.67648,                0.56432,                0.87362,             0.00058305,             0.00058305,             0.00058305
                    314,                0.83932,                0.70745,                 0.9404,                0.97265,                0.95436,                0.99355,                0.85351,                0.67534,                0.56263,                0.88224,             0.00058136,             0.00058136,             0.00058136
                    315,                0.78008,                0.63868,                0.90524,                0.97265,                0.95436,                0.99355,                0.85351,                0.67534,                0.56263,                0.88224,             0.00057967,             0.00057967,             0.00057967
                    316,                0.84749,                0.66035,                0.93632,                 0.9716,                0.94717,                 0.9927,                0.84034,                0.66986,                 0.5903,                 0.8914,             0.00057798,             0.00057798,             0.00057798
                    317,                0.84856,                0.64775,                0.92206,                 0.9716,                0.94717,                 0.9927,                0.84034,                0.66986,                 0.5903,                 0.8914,             0.00057628,             0.00057628,             0.00057628
                    318,                 0.7908,                0.79709,                0.93285,                0.97066,                0.94752,                0.99253,                0.84954,                0.67464,                0.58326,                0.88879,             0.00057459,             0.00057459,             0.00057459
                    319,                0.80271,                0.65024,                0.94186,                0.97066,                0.94752,                0.99253,                0.84954,                0.67464,                0.58326,                0.88879,              0.0005729,              0.0005729,              0.0005729
                    320,                0.96818,                0.75845,                0.91863,                0.97191,                0.96351,                0.99373,                0.84891,                0.70512,                0.55897,                 0.8873,             0.00057121,             0.00057121,             0.00057121
                    321,                0.84602,                0.63153,                0.95735,                0.97191,                0.96351,                0.99373,                0.84891,                0.70512,                0.55897,                 0.8873,             0.00056952,             0.00056952,             0.00056952
                    322,                0.78691,                0.66551,                0.92099,                0.97968,                 0.9643,                0.99392,                0.84365,                0.72718,                0.57775,                0.88728,             0.00056782,             0.00056782,             0.00056782
                    323,                 0.7807,                 0.6336,                0.92014,                0.97968,                 0.9643,                0.99392,                0.84365,                0.72718,                0.57775,                0.88728,             0.00056613,             0.00056613,             0.00056613
                    324,                0.89261,                0.70168,                0.96519,                0.96461,                0.97566,                0.99335,                0.84523,                 0.7312,                 0.5886,                0.88286,             0.00056444,             0.00056444,             0.00056444
                    325,                 0.8531,                0.67101,                0.93934,                0.96461,                0.97566,                0.99335,                0.84523,                 0.7312,                 0.5886,                0.88286,             0.00056275,             0.00056275,             0.00056275
                    326,                0.90128,                0.68519,                0.92048,                0.96784,                0.97496,                0.99351,                0.83315,                0.70655,                0.57346,                0.87387,             0.00056105,             0.00056105,             0.00056105
                    327,                0.83261,                 0.6386,                0.91247,                0.96784,                0.97496,                0.99351,                0.83315,                0.70655,                0.57346,                0.87387,             0.00055936,             0.00055936,             0.00055936
                    328,                0.83793,                0.64154,                0.94109,                0.97334,                0.97364,                0.99431,                0.84177,                0.69828,                0.55397,                0.88188,             0.00055767,             0.00055767,             0.00055767
                    329,                0.76619,                0.62714,                0.93033,                0.97334,                0.97364,                0.99431,                0.84177,                0.69828,                0.55397,                0.88188,             0.00055598,             0.00055598,             0.00055598
                    330,                0.79215,                0.63564,                0.91181,                0.97621,                0.96282,                0.99348,                 0.8229,                0.69339,                0.56939,                0.90211,             0.00055429,             0.00055429,             0.00055429
                    331,                0.81184,                0.65026,                0.91322,                0.97621,                0.96282,                0.99348,                 0.8229,                0.69339,                0.56939,                0.90211,             0.00055259,             0.00055259,             0.00055259
                    332,                0.81606,                0.67545,                0.90012,                0.97652,                0.95144,                0.99261,                0.84182,                0.69985,                0.54829,                0.89129,              0.0005509,              0.0005509,              0.0005509
                    333,                  0.898,                0.71237,                0.91834,                0.97652,                0.95144,                0.99261,                0.84182,                0.69985,                0.54829,                0.89129,             0.00054921,             0.00054921,             0.00054921
                    334,                0.88153,                0.70337,                 0.9181,                0.96662,                0.96604,                0.99324,                0.82726,                0.71066,                  0.557,                0.88921,             0.00054752,             0.00054752,             0.00054752
                    335,                0.88635,                0.68343,                0.95772,                0.96662,                0.96604,                0.99324,                0.82726,                0.71066,                  0.557,                0.88921,             0.00054583,             0.00054583,             0.00054583
                    336,                0.83343,                0.66672,                0.91068,                 0.9667,                0.96716,                0.99366,                0.83495,                0.70154,                0.56148,                0.87955,             0.00054413,             0.00054413,             0.00054413
                    337,                0.84865,                0.63315,                0.92206,                 0.9667,                0.96716,                0.99366,                0.83495,                0.70154,                0.56148,                0.87955,             0.00054244,             0.00054244,             0.00054244
                    338,                0.88411,                0.69472,                0.90553,                0.96727,                0.96599,                0.99317,                0.84312,                0.67726,                0.57099,                0.86537,             0.00054075,             0.00054075,             0.00054075
                    339,                0.75262,                0.60995,                0.92689,                0.96727,                0.96599,                0.99317,                0.84312,                0.67726,                0.57099,                0.86537,             0.00053906,             0.00053906,             0.00053906
                    340,                0.78502,                0.63637,                0.92126,                 0.9747,                0.95865,                0.99293,                0.83429,                0.69125,                0.57692,                 0.8634,             0.00053737,             0.00053737,             0.00053737
                    341,                0.79639,                0.61853,                 0.9409,                 0.9747,                0.95865,                0.99293,                0.83429,                0.69125,                0.57692,                 0.8634,             0.00053567,             0.00053567,             0.00053567
                    342,                0.74866,                0.60611,                0.92037,                0.95436,                0.97592,                0.99291,                0.83019,                0.67143,                0.55955,                0.85948,             0.00053398,             0.00053398,             0.00053398
                    343,                0.80984,                0.64114,                0.91439,                0.95436,                0.97592,                0.99291,                0.83019,                0.67143,                0.55955,                0.85948,             0.00053229,             0.00053229,             0.00053229
                    344,                0.76177,                0.60639,                0.89654,                0.95533,                0.98791,                0.99333,                0.82019,                0.69617,                0.54973,                0.87111,              0.0005306,              0.0005306,              0.0005306
                    345,                0.86183,                 0.6584,                0.90852,                0.95533,                0.98791,                0.99333,                0.82019,                0.69617,                0.54973,                0.87111,              0.0005289,              0.0005289,              0.0005289
                    346,                0.74639,                0.62087,                0.92002,                0.95455,                0.98806,                0.99353,                0.82355,                0.71567,                0.55493,                  0.892,             0.00052721,             0.00052721,             0.00052721
                    347,                0.83818,                0.65898,                0.92624,                0.95455,                0.98806,                0.99353,                0.82355,                0.71567,                0.55493,                  0.892,             0.00052552,             0.00052552,             0.00052552
                    348,                0.79272,                0.64138,                0.92284,                0.96766,                0.97002,                 0.9937,                0.83095,                0.66371,                0.53188,                0.87509,             0.00052383,             0.00052383,             0.00052383
                    349,                0.81772,                0.63136,                0.92171,                0.96766,                0.97002,                 0.9937,                0.83095,                0.66371,                0.53188,                0.87509,             0.00052214,             0.00052214,             0.00052214
                    350,                0.80506,                 0.6312,                 0.9525,                0.97449,                0.96716,                0.99319,                0.83268,                0.65464,                0.53584,                0.87323,             0.00052044,             0.00052044,             0.00052044
                    351,                0.79626,                0.63209,                0.90401,                0.97449,                0.96716,                0.99319,                0.83268,                0.65464,                0.53584,                0.87323,             0.00051875,             0.00051875,             0.00051875
                    352,                0.91454,                0.71782,                0.92719,                0.97783,                 0.9628,                0.99328,                0.84308,                0.66076,                0.53302,                0.87929,             0.00051706,             0.00051706,             0.00051706
                    353,                0.80878,                 0.6232,                0.90051,                0.97783,                 0.9628,                0.99328,                0.84308,                0.66076,                0.53302,                0.87929,             0.00051537,             0.00051537,             0.00051537
                    354,                0.81114,                 0.6342,                0.90419,                0.97771,                 0.9704,                0.99364,                 0.8457,                0.69297,                0.53536,                0.89219,             0.00051368,             0.00051368,             0.00051368
                    355,                 0.7628,                0.60867,                0.91717,                0.97771,                 0.9704,                0.99364,                 0.8457,                0.69297,                0.53536,                0.89219,             0.00051198,             0.00051198,             0.00051198
                    356,                0.85751,                0.66024,                0.92032,                0.97688,                0.96422,                 0.9937,                0.85604,                0.65942,                0.52581,                0.88922,             0.00051029,             0.00051029,             0.00051029
                    357,                0.75087,                0.63087,                0.91502,                0.97688,                0.96422,                 0.9937,                0.85604,                0.65942,                0.52581,                0.88922,              0.0005086,              0.0005086,              0.0005086
                    358,                0.79691,                0.62872,                0.89294,                0.97066,                0.97271,                0.99436,                0.85306,                0.65258,                0.51859,                 0.8849,             0.00050691,             0.00050691,             0.00050691
                    359,                0.75566,                0.61993,                0.92505,                0.97066,                0.97271,                0.99436,                0.85306,                0.65258,                0.51859,                 0.8849,             0.00050521,             0.00050521,             0.00050521
                    360,                0.74956,                0.60317,                0.90435,                0.96174,                0.97123,                 0.9937,                 0.8484,                0.65224,                0.52287,                0.88072,             0.00050352,             0.00050352,             0.00050352
                    361,                0.78812,                0.62755,                0.92046,                0.96174,                0.97123,                 0.9937,                 0.8484,                0.65224,                0.52287,                0.88072,             0.00050183,             0.00050183,             0.00050183
                    362,                0.78099,                0.62452,                0.92545,                0.95314,                 0.9808,                0.99395,                0.82754,                0.68128,                0.53199,                0.87931,             0.00050014,             0.00050014,             0.00050014
                    363,                0.79605,                0.65454,                0.93847,                0.95314,                 0.9808,                0.99395,                0.82754,                0.68128,                0.53199,                0.87931,             0.00049845,             0.00049845,             0.00049845
                    364,                0.77228,                0.62703,                0.92199,                0.95659,                0.98513,                 0.9942,                0.83484,                0.69921,                0.54174,                0.88613,             0.00049675,             0.00049675,             0.00049675
                    365,                0.78904,                0.63701,                0.91374,                0.95659,                0.98513,                 0.9942,                0.83484,                0.69921,                0.54174,                0.88613,             0.00049506,             0.00049506,             0.00049506
                    366,                 0.8162,                0.64389,                0.92108,                0.97013,                0.97927,                0.99438,                0.84344,                0.69782,                0.54241,                0.88614,             0.00049337,             0.00049337,             0.00049337
                    367,                0.87792,                0.68209,                0.91868,                0.97013,                0.97927,                0.99438,                0.84344,                0.69782,                0.54241,                0.88614,             0.00049168,             0.00049168,             0.00049168
                    368,                0.73016,                0.59628,                0.90729,                0.95823,                0.97264,                0.99462,                0.84637,                0.67752,                0.55838,                 0.8764,             0.00048999,             0.00048999,             0.00048999
                    369,                0.88264,                0.69087,                0.93202,                0.95823,                0.97264,                0.99462,                0.84637,                0.67752,                0.55838,                 0.8764,             0.00048829,             0.00048829,             0.00048829
                    370,                0.76672,                0.63138,                0.90385,                0.95485,                0.96711,                0.99377,                0.85457,                0.68946,                0.57426,                0.87846,              0.0004866,              0.0004866,              0.0004866
                    371,                0.76447,                0.64352,                0.92308,                0.95485,                0.96711,                0.99377,                0.85457,                0.68946,                0.57426,                0.87846,             0.00048491,             0.00048491,             0.00048491
                    372,                0.77428,                0.62892,                 0.9065,                0.95671,                0.97111,                0.99366,                0.82684,                0.74703,                0.55106,                0.87815,             0.00048322,             0.00048322,             0.00048322
                    373,                0.76257,                0.61418,                0.90886,                0.95671,                0.97111,                0.99366,                0.82684,                0.74703,                0.55106,                0.87815,             0.00048152,             0.00048152,             0.00048152
                    374,                0.83127,                0.63783,                 0.9062,                 0.9579,                0.97126,                0.99411,                0.82776,                 0.7911,                0.55134,                0.87603,             0.00047983,             0.00047983,             0.00047983
                    375,                0.79515,                 0.6331,                0.93606,                 0.9579,                0.97126,                0.99411,                0.82776,                 0.7911,                0.55134,                0.87603,             0.00047814,             0.00047814,             0.00047814
                    376,                0.79788,                0.62193,                0.90564,                0.96154,                 0.9721,                0.99383,                0.83803,                0.71517,                0.53384,                0.87594,             0.00047645,             0.00047645,             0.00047645
                    377,                 0.7223,                0.57569,                0.89771,                0.96154,                 0.9721,                0.99383,                0.83803,                0.71517,                0.53384,                0.87594,             0.00047476,             0.00047476,             0.00047476
                    378,                0.74782,                0.60529,                0.91021,                0.96639,                0.97313,                0.99407,                0.84785,                 0.6575,                0.52024,                 0.8667,             0.00047306,             0.00047306,             0.00047306
                    379,                0.78355,                0.59449,                0.92195,                0.96639,                0.97313,                0.99407,                0.84785,                 0.6575,                0.52024,                 0.8667,             0.00047137,             0.00047137,             0.00047137
                    380,                0.81681,                0.62351,                0.91503,                0.97724,                0.96716,                0.99389,                 0.8496,                 0.6769,                0.52404,                0.87253,             0.00046968,             0.00046968,             0.00046968
                    381,                0.78324,                0.61224,                0.91749,                0.97724,                0.96716,                0.99389,                 0.8496,                 0.6769,                0.52404,                0.87253,             0.00046799,             0.00046799,             0.00046799
                    382,                0.78506,                0.59066,                0.91314,                 0.9749,                0.97193,                0.99401,                 0.8532,                0.66809,                0.51148,                0.87604,              0.0004663,              0.0004663,              0.0004663
                    383,                0.74569,                0.59203,                0.89981,                 0.9749,                0.97193,                0.99401,                 0.8532,                0.66809,                0.51148,                0.87604,              0.0004646,              0.0004646,              0.0004646
                    384,                0.79475,                  0.642,                0.93385,                 0.9747,                0.97299,                 0.9935,                 0.8428,                0.64039,                0.53611,                0.87338,             0.00046291,             0.00046291,             0.00046291
                    385,                0.73722,                0.61038,                0.92074,                 0.9747,                0.97299,                 0.9935,                 0.8428,                0.64039,                0.53611,                0.87338,             0.00046122,             0.00046122,             0.00046122
                    386,                0.82382,                0.69467,                0.97347,                0.98069,                 0.9592,                0.99212,                0.83834,                0.69268,                0.56721,                0.90487,             0.00045953,             0.00045953,             0.00045953
                    387,                0.90023,                0.65869,                0.88251,                0.98069,                 0.9592,                0.99212,                0.83834,                0.69268,                0.56721,                0.90487,             0.00045783,             0.00045783,             0.00045783
                    388,                0.77583,                0.59314,                0.90423,                0.98535,                0.95944,                0.99167,                0.83418,                 0.7344,                0.58334,                0.93599,             0.00045614,             0.00045614,             0.00045614
                    389,                0.82688,                0.63585,                0.90005,                0.98535,                0.95944,                0.99167,                0.83418,                 0.7344,                0.58334,                0.93599,             0.00045445,             0.00045445,             0.00045445
                    390,                0.72414,                 0.5811,                0.92352,                0.97358,                0.96503,                0.99213,                0.82904,                0.74995,                0.56462,                0.91016,             0.00045276,             0.00045276,             0.00045276
                    391,                0.83191,                0.65599,                0.89723,                0.97358,                0.96503,                0.99213,                0.82904,                0.74995,                0.56462,                0.91016,             0.00045107,             0.00045107,             0.00045107
                    392,                 0.7356,                0.57835,                0.91754,                0.97233,                0.96989,                0.99323,                0.81783,                0.74398,                0.55153,                0.88499,             0.00044937,             0.00044937,             0.00044937
                    393,                 0.8079,                0.62484,                0.88013,                0.97233,                0.96989,                0.99323,                0.81783,                0.74398,                0.55153,                0.88499,             0.00044768,             0.00044768,             0.00044768
                    394,                0.77789,                0.61926,                0.90819,                0.97117,                0.97159,                  0.994,                0.81047,                0.73928,                0.54152,                0.87644,             0.00044599,             0.00044599,             0.00044599
                    395,                0.79744,                0.66007,                0.89742,                0.97117,                0.97159,                  0.994,                0.81047,                0.73928,                0.54152,                0.87644,              0.0004443,              0.0004443,              0.0004443
                    396,                0.78103,                 0.6271,                0.90322,                0.97776,                0.96687,                0.99436,                0.81866,                0.69449,                 0.5264,                 0.8727,             0.00044261,             0.00044261,             0.00044261
                    397,                0.76481,                0.68741,                0.90694,                0.97776,                0.96687,                0.99436,                0.81866,                0.69449,                 0.5264,                 0.8727,             0.00044091,             0.00044091,             0.00044091
                    398,                0.82749,                0.73574,                 0.8884,                0.95807,                 0.9777,                0.99425,                0.83241,                0.64426,                0.53085,                0.86332,             0.00043922,             0.00043922,             0.00043922
                    399,                0.77953,                0.62736,                0.90806,                0.95807,                 0.9777,                0.99425,                0.83241,                0.64426,                0.53085,                0.86332,             0.00043753,             0.00043753,             0.00043753
                    400,                0.85792,                0.66571,                0.94856,                0.94393,                0.97945,                0.99368,                0.85341,                0.65295,                0.54788,                0.86207,             0.00043584,             0.00043584,             0.00043584
                    401,                0.79049,                0.61484,                0.91707,                0.94393,                0.97945,                0.99368,                0.85341,                0.65295,                0.54788,                0.86207,             0.00043414,             0.00043414,             0.00043414
                    402,                0.84863,                0.65141,                0.92185,                0.94688,                0.97313,                0.99334,                0.83963,                0.66495,                0.56459,                0.86184,             0.00043245,             0.00043245,             0.00043245
                    403,                 0.7653,                0.61713,                0.92036,                0.94688,                0.97313,                0.99334,                0.83963,                0.66495,                0.56459,                0.86184,             0.00043076,             0.00043076,             0.00043076
                    404,                 0.7507,                0.58333,                0.90481,                0.96354,                0.96411,                0.99341,                0.84506,                0.64867,                 0.5673,                0.85928,             0.00042907,             0.00042907,             0.00042907
                    405,                 0.8162,                0.65737,                0.92778,                0.96354,                0.96411,                0.99341,                0.84506,                0.64867,                 0.5673,                0.85928,             0.00042738,             0.00042738,             0.00042738
                    406,                 0.8014,                0.62378,                0.90449,                0.97436,                0.96222,                0.99374,                0.84303,                0.64996,                0.55728,                 0.8605,             0.00042568,             0.00042568,             0.00042568
                    407,                0.82568,                0.82128,                0.93357,                0.97436,                0.96222,                0.99374,                0.84303,                0.64996,                0.55728,                 0.8605,             0.00042399,             0.00042399,             0.00042399
                    408,                0.74659,                0.59471,                0.89755,                0.97649,                0.96716,                0.99377,                0.82895,                0.67472,                0.54173,                0.86279,              0.0004223,              0.0004223,              0.0004223
                    409,                0.78803,                0.61053,                 0.8957,                0.97649,                0.96716,                0.99377,                0.82895,                0.67472,                0.54173,                0.86279,             0.00042061,             0.00042061,             0.00042061
                    410,                0.78718,                0.61606,                 0.9019,                   0.98,                0.96716,                0.99397,                0.83265,                0.70408,                0.54317,                 0.8621,             0.00041892,             0.00041892,             0.00041892
                    411,                0.73641,                0.59111,                0.92634,                   0.98,                0.96716,                0.99397,                0.83265,                0.70408,                0.54317,                 0.8621,             0.00041722,             0.00041722,             0.00041722
                    412,                0.83815,                0.63176,                0.90308,                0.97503,                0.96943,                0.99409,                0.83476,                0.67857,                0.52909,                0.85577,             0.00041553,             0.00041553,             0.00041553
                    413,                0.74736,                0.59316,                 0.9032,                0.97503,                0.96943,                0.99409,                0.83476,                0.67857,                0.52909,                0.85577,             0.00041384,             0.00041384,             0.00041384
                    414,                0.70091,                0.56956,                0.90044,                 0.9668,                0.97656,                0.99406,                0.84486,                0.64426,                0.51324,                0.85364,             0.00041215,             0.00041215,             0.00041215
                    415,                0.78942,                 0.6253,                0.92606,                 0.9668,                0.97656,                0.99406,                0.84486,                0.64426,                0.51324,                0.85364,             0.00041045,             0.00041045,             0.00041045
                    416,                0.73528,                0.58047,                0.91302,                0.97792,                0.96481,                0.99426,                0.84862,                0.62761,                0.51311,                0.84898,             0.00040876,             0.00040876,             0.00040876
                    417,                0.78678,                0.61153,                0.89629,                0.97792,                0.96481,                0.99426,                0.84862,                0.62761,                0.51311,                0.84898,             0.00040707,             0.00040707,             0.00040707
                    418,                0.91088,                0.64207,                 0.8747,                0.97976,                0.96679,                0.99431,                0.85133,                0.62223,                0.50705,                 0.8461,             0.00040538,             0.00040538,             0.00040538
                    419,                 0.7378,                0.57287,                0.90126,                0.97976,                0.96679,                0.99431,                0.85133,                0.62223,                0.50705,                 0.8461,             0.00040369,             0.00040369,             0.00040369
                    420,                0.72638,                0.58081,                0.89481,                 0.9827,                0.96731,                0.99477,                0.84558,                0.61632,                0.50466,                0.84861,             0.00040199,             0.00040199,             0.00040199
                    421,                0.71869,                0.60992,                0.88418,                 0.9827,                0.96731,                0.99477,                0.84558,                0.61632,                0.50466,                0.84861,              0.0004003,              0.0004003,              0.0004003
                    422,                0.86234,                0.65137,                0.88525,                 0.9811,                0.97037,                0.99479,                 0.8383,                  0.617,                0.50679,                0.85265,             0.00039861,             0.00039861,             0.00039861
                    423,                 0.8551,                0.65473,                0.93042,                 0.9811,                0.97037,                0.99479,                 0.8383,                  0.617,                0.50679,                0.85265,             0.00039692,             0.00039692,             0.00039692
                    424,                0.74984,                0.58699,                0.91621,                0.97928,                0.97141,                0.99479,                0.84885,                0.63166,                0.50524,                0.85513,             0.00039523,             0.00039523,             0.00039523
                    425,                0.74425,                0.57092,                 0.8813,                0.97928,                0.97141,                0.99479,                0.84885,                0.63166,                0.50524,                0.85513,             0.00039353,             0.00039353,             0.00039353
                    426,                0.75665,                0.57845,                 0.8775,                0.97828,                 0.9732,                0.99486,                0.83868,                0.63718,                0.49844,                0.85756,             0.00039184,             0.00039184,             0.00039184
                    427,                0.75648,                0.57087,                0.90963,                0.97828,                 0.9732,                0.99486,                0.83868,                0.63718,                0.49844,                0.85756,             0.00039015,             0.00039015,             0.00039015
                    428,                0.79243,                 0.6141,                0.91242,                0.97936,                0.97362,                0.99483,                0.84153,                0.62521,                0.49359,                0.85669,             0.00038846,             0.00038846,             0.00038846
                    429,                0.77196,                0.61338,                0.89815,                0.97936,                0.97362,                0.99483,                0.84153,                0.62521,                0.49359,                0.85669,             0.00038676,             0.00038676,             0.00038676
                    430,                0.75366,                0.58447,                0.90887,                0.97988,                0.97402,                0.99477,                0.84168,                0.60539,                0.48215,                 0.8521,             0.00038507,             0.00038507,             0.00038507
                    431,                0.69591,                0.57184,                0.89427,                0.97988,                0.97402,                0.99477,                0.84168,                0.60539,                0.48215,                 0.8521,             0.00038338,             0.00038338,             0.00038338
                    432,                0.73321,                0.56429,                0.90367,                0.97039,                  0.982,                0.99432,                0.84199,                0.65004,                0.47928,                0.84971,             0.00038169,             0.00038169,             0.00038169
                    433,                0.74498,                0.59446,                0.89641,                0.97039,                  0.982,                0.99432,                0.84199,                0.65004,                0.47928,                0.84971,                0.00038,                0.00038,                0.00038
                    434,                0.79448,                0.60491,                0.88425,                0.96972,                0.97866,                0.99424,                 0.8503,                0.67619,                0.48925,                 0.8548,              0.0003783,              0.0003783,              0.0003783
                    435,                0.86617,                0.62859,                0.90845,                0.96972,                0.97866,                0.99424,                 0.8503,                0.67619,                0.48925,                 0.8548,             0.00037661,             0.00037661,             0.00037661
                    436,                0.78119,                0.59811,                0.88439,                0.97167,                0.97788,                0.99401,                0.83561,                0.64327,                0.48836,                0.86114,             0.00037492,             0.00037492,             0.00037492
                    437,                0.76269,                0.58551,                0.89674,                0.97167,                0.97788,                0.99401,                0.83561,                0.64327,                0.48836,                0.86114,             0.00037323,             0.00037323,             0.00037323
                    438,                 0.7224,                0.56934,                 0.9005,                 0.9757,                0.97984,                0.99442,                0.83026,                0.62505,                0.48256,                0.86599,             0.00037154,             0.00037154,             0.00037154
                    439,                0.74226,                0.57581,                0.89749,                 0.9757,                0.97984,                0.99442,                0.83026,                0.62505,                0.48256,                0.86599,             0.00036984,             0.00036984,             0.00036984
                    440,                0.78787,                0.62635,                0.91894,                0.97373,                0.97004,                 0.9938,                0.83719,                0.61534,                0.48673,                0.86081,             0.00036815,             0.00036815,             0.00036815
                    441,                 0.7488,                0.63861,                0.88476,                0.97373,                0.97004,                 0.9938,                0.83719,                0.61534,                0.48673,                0.86081,             0.00036646,             0.00036646,             0.00036646
                    442,                 0.7635,                0.59402,                0.89447,                0.96993,                0.97651,                0.99417,                0.84742,                0.62158,                0.49076,                0.85515,             0.00036477,             0.00036477,             0.00036477
                    443,                0.86698,                0.64127,                0.92879,                0.96993,                0.97651,                0.99417,                0.84742,                0.62158,                0.49076,                0.85515,             0.00036307,             0.00036307,             0.00036307
                    444,                0.72649,                0.56861,                0.91948,                0.96815,                0.97004,                 0.9939,                0.84696,                0.63447,                0.49651,                0.85742,             0.00036138,             0.00036138,             0.00036138
                    445,                0.77807,                0.60491,                0.89903,                0.96815,                0.97004,                 0.9939,                0.84696,                0.63447,                0.49651,                0.85742,             0.00035969,             0.00035969,             0.00035969
                    446,                0.68549,                0.56587,                0.90226,                0.97707,                0.96733,                0.99404,                0.86084,                0.61451,                0.48828,                0.85973,               0.000358,               0.000358,               0.000358
                    447,                0.78454,                0.61342,                0.89705,                0.97707,                0.96733,                0.99404,                0.86084,                0.61451,                0.48828,                0.85973,             0.00035631,             0.00035631,             0.00035631
                    448,                0.77923,                0.59332,                0.90129,                0.98577,                0.96925,                0.99403,                0.86124,                0.64459,                0.49837,                0.85581,             0.00035461,             0.00035461,             0.00035461
                    449,                0.74398,                0.57344,                 0.8999,                0.98577,                0.96925,                0.99403,                0.86124,                0.64459,                0.49837,                0.85581,             0.00035292,             0.00035292,             0.00035292
                    450,                0.81496,                0.60762,                0.92488,                0.97912,                0.97313,                0.99413,                0.84609,                0.68791,                0.50982,                0.86112,             0.00035123,             0.00035123,             0.00035123
                    451,                0.75907,                0.58744,                0.89818,                0.97912,                0.97313,                0.99413,                0.84609,                0.68791,                0.50982,                0.86112,             0.00034954,             0.00034954,             0.00034954
                    452,                0.72336,                0.56796,                0.88041,                0.97723,                0.97325,                0.99425,                0.85119,                0.68858,                0.51739,                0.86341,             0.00034785,             0.00034785,             0.00034785
                    453,                0.71632,                0.55884,                0.88209,                0.97723,                0.97325,                0.99425,                0.85119,                0.68858,                0.51739,                0.86341,             0.00034615,             0.00034615,             0.00034615
                    454,                0.74964,                0.58836,                0.87972,                0.98507,                0.97015,                 0.9942,                0.83287,                0.70889,                0.52855,                0.86035,             0.00034446,             0.00034446,             0.00034446
                    455,                 0.7585,                0.60241,                0.90509,                0.98507,                0.97015,                 0.9942,                0.83287,                0.70889,                0.52855,                0.86035,             0.00034277,             0.00034277,             0.00034277
                    456,                0.76685,                0.61593,                0.88102,                 0.9753,                0.97666,                0.99424,                0.82873,                0.76333,                0.52608,                0.85377,             0.00034108,             0.00034108,             0.00034108
                    457,                0.79368,                0.58499,                0.89714,                 0.9753,                0.97666,                0.99424,                0.82873,                0.76333,                0.52608,                0.85377,             0.00033938,             0.00033938,             0.00033938
                    458,                0.76547,                0.59228,                0.87872,                0.97246,                0.97952,                0.99444,                0.82572,                0.75578,                0.52313,                0.85211,             0.00033769,             0.00033769,             0.00033769
                    459,                0.72225,                0.56284,                0.87351,                0.97246,                0.97952,                0.99444,                0.82572,                0.75578,                0.52313,                0.85211,               0.000336,               0.000336,               0.000336
                    460,                0.77915,                0.59332,                0.88419,                 0.9752,                0.97612,                 0.9945,                0.83707,                0.68407,                0.50785,                0.85374,             0.00033431,             0.00033431,             0.00033431
                    461,                0.80301,                0.61301,                0.87919,                 0.9752,                0.97612,                 0.9945,                0.83707,                0.68407,                0.50785,                0.85374,             0.00033262,             0.00033262,             0.00033262
                    462,                 0.8496,                0.65125,                 0.8915,                0.97408,                0.97612,                0.99443,                0.84425,                0.63095,                 0.4861,                0.85622,             0.00033092,             0.00033092,             0.00033092
                    463,                0.80115,                0.61693,                0.91082,                0.97408,                0.97612,                0.99443,                0.84425,                0.63095,                 0.4861,                0.85622,             0.00032923,             0.00032923,             0.00032923
                    464,                0.75594,                0.59485,                0.91214,                0.97918,                0.97476,                0.99447,                0.84164,                0.63388,                0.48957,                0.85418,             0.00032754,             0.00032754,             0.00032754
                    465,                0.73735,                0.56169,                0.89828,                0.97918,                0.97476,                0.99447,                0.84164,                0.63388,                0.48957,                0.85418,             0.00032585,             0.00032585,             0.00032585
                    466,                0.76618,                0.59516,                0.86067,                0.96654,                0.98517,                0.99415,                0.84442,                0.60942,                0.48089,                0.85359,             0.00032416,             0.00032416,             0.00032416
                    467,                0.74457,                0.58271,                0.88588,                0.96654,                0.98517,                0.99415,                0.84442,                0.60942,                0.48089,                0.85359,             0.00032246,             0.00032246,             0.00032246
                    468,                0.69451,                 0.5487,                0.90073,                0.97046,                0.98351,                0.99388,                0.84525,                0.60548,                0.47364,                0.85677,             0.00032077,             0.00032077,             0.00032077
                    469,                0.70949,                0.56102,                0.89599,                0.97046,                0.98351,                0.99388,                0.84525,                0.60548,                0.47364,                0.85677,             0.00031908,             0.00031908,             0.00031908
                    470,                0.69638,                0.56337,                0.89541,                0.97212,                0.98507,                0.99419,                0.84205,                0.60913,                0.47064,                0.85351,             0.00031739,             0.00031739,             0.00031739
                    471,                0.69743,                0.56209,                0.89571,                0.97212,                0.98507,                0.99419,                0.84205,                0.60913,                0.47064,                0.85351,             0.00031569,             0.00031569,             0.00031569
                    472,                0.70235,                0.56701,                0.91359,                0.97315,                0.98507,                 0.9943,                0.83758,                0.60173,                0.46661,                0.84757,               0.000314,               0.000314,               0.000314
                    473,                0.70346,                0.55217,                0.88578,                0.97315,                0.98507,                 0.9943,                0.83758,                0.60173,                0.46661,                0.84757,             0.00031231,             0.00031231,             0.00031231
                    474,                0.68577,                0.52509,                0.86319,                0.97437,                 0.9843,                0.99459,                0.84111,                0.59915,                0.47303,                0.84737,             0.00031062,             0.00031062,             0.00031062
                    475,                0.71463,                0.60284,                0.87066,                0.97437,                 0.9843,                0.99459,                0.84111,                0.59915,                0.47303,                0.84737,             0.00030893,             0.00030893,             0.00030893
                    476,                0.71591,                 0.5591,                0.88776,                 0.9755,                0.98172,                0.99473,                0.84586,                0.60663,                0.46838,                0.84748,             0.00030723,             0.00030723,             0.00030723
                    477,                0.77422,                0.58093,                0.88638,                 0.9755,                0.98172,                0.99473,                0.84586,                0.60663,                0.46838,                0.84748,             0.00030554,             0.00030554,             0.00030554
                    478,                0.73734,                0.58549,                0.92291,                0.97506,                0.98209,                 0.9947,                0.84072,                0.61065,                0.46864,                0.85076,             0.00030385,             0.00030385,             0.00030385
                    479,                0.73367,                0.57093,                0.87773,                0.97506,                0.98209,                 0.9947,                0.84072,                0.61065,                0.46864,                0.85076,             0.00030216,             0.00030216,             0.00030216
                    480,                0.71246,                0.55399,                0.88668,                0.97731,                0.98117,                 0.9947,                 0.8548,                 0.6166,                0.47612,                0.85321,             0.00030047,             0.00030047,             0.00030047
                    481,                0.67166,                0.54035,                 0.8832,                0.97731,                0.98117,                 0.9947,                 0.8548,                 0.6166,                0.47612,                0.85321,             0.00029877,             0.00029877,             0.00029877
                    482,                0.69103,                0.54061,                 0.8792,                0.97915,                0.97886,                0.99465,                0.85364,                0.61794,                0.47352,                  0.856,             0.00029708,             0.00029708,             0.00029708
                    483,                0.72334,                0.56445,                0.86593,                0.97915,                0.97886,                0.99465,                0.85364,                0.61794,                0.47352,                  0.856,             0.00029539,             0.00029539,             0.00029539
                    484,                0.71616,                0.55668,                0.90691,                0.97859,                0.97562,                0.99456,                  0.847,                 0.6002,                0.47423,                0.85777,              0.0002937,              0.0002937,              0.0002937
                    485,                0.90216,                0.64306,                0.95682,                0.97859,                0.97562,                0.99456,                  0.847,                 0.6002,                0.47423,                0.85777,               0.000292,               0.000292,               0.000292
                    486,                0.70476,                0.56515,                 0.8746,                0.97558,                0.97445,                0.99437,                0.85988,                0.58963,                0.47417,                0.85743,             0.00029031,             0.00029031,             0.00029031
                    487,                0.67842,                 0.5235,                0.87952,                0.97558,                0.97445,                0.99437,                0.85988,                0.58963,                0.47417,                0.85743,             0.00028862,             0.00028862,             0.00028862
                    488,                0.71087,                0.55753,                0.86846,                0.96657,                0.97748,                0.99403,                0.85732,                0.58484,                0.47814,                0.85626,             0.00028693,             0.00028693,             0.00028693
                    489,                0.68641,                0.55437,                0.88641,                0.96657,                0.97748,                0.99403,                0.85732,                0.58484,                0.47814,                0.85626,             0.00028524,             0.00028524,             0.00028524
                    490,                0.69499,                0.56298,                0.89486,                0.96906,                0.97712,                0.99397,                 0.8581,                 0.5716,                0.47279,                0.85203,             0.00028354,             0.00028354,             0.00028354
                    491,                0.72231,                0.54541,                0.87393,                0.96906,                0.97712,                0.99397,                 0.8581,                 0.5716,                0.47279,                0.85203,             0.00028185,             0.00028185,             0.00028185
                    492,                0.69182,                0.56075,                0.88418,                0.97231,                0.98209,                0.99416,                0.85934,                0.58062,                0.46781,                 0.8483,             0.00028016,             0.00028016,             0.00028016
                    493,                0.64822,                0.51692,                0.87229,                0.97231,                0.98209,                0.99416,                0.85934,                0.58062,                0.46781,                 0.8483,             0.00027847,             0.00027847,             0.00027847
                    494,                0.73217,                 0.5798,                0.87039,                0.97612,                0.98209,                0.99433,                0.86041,                0.59704,                0.47297,                0.84805,             0.00027678,             0.00027678,             0.00027678
                    495,                0.67375,                0.53205,                0.88357,                0.97612,                0.98209,                0.99433,                0.86041,                0.59704,                0.47297,                0.84805,             0.00027508,             0.00027508,             0.00027508
                    496,                0.80737,                 0.6331,                0.89203,                0.97422,                0.98012,                 0.9944,                0.86404,                0.60047,                0.46635,                0.84848,             0.00027339,             0.00027339,             0.00027339
                    497,                0.70616,                0.59635,                0.88942,                0.97422,                0.98012,                 0.9944,                0.86404,                0.60047,                0.46635,                0.84848,              0.0002717,              0.0002717,              0.0002717
                    498,                0.74548,                0.55721,                0.89633,                0.97069,                0.97766,                 0.9941,                0.85856,                0.59298,                0.46757,                0.84418,             0.00027001,             0.00027001,             0.00027001
                    499,                0.68743,                0.55266,                0.84254,                0.97069,                0.97766,                 0.9941,                0.85856,                0.59298,                0.46757,                0.84418,             0.00026832,             0.00026832,             0.00026832
                    500,                0.71364,                0.57258,                0.87871,                0.96671,                0.98755,                0.99438,                0.84711,                0.60637,                0.46941,                0.84056,             0.00026662,             0.00026662,             0.00026662
                    501,                0.67779,                0.54467,                0.86748,                0.96671,                0.98755,                0.99438,                0.84711,                0.60637,                0.46941,                0.84056,             0.00026493,             0.00026493,             0.00026493
                    502,                0.67858,                0.53977,                0.87735,                0.97712,                0.97712,                0.99462,                0.85944,                0.59837,                 0.4723,                0.83979,             0.00026324,             0.00026324,             0.00026324
                    503,                0.71223,                0.56036,                0.85365,                0.97712,                0.97712,                0.99462,                0.85944,                0.59837,                 0.4723,                0.83979,             0.00026155,             0.00026155,             0.00026155
                    504,                0.71585,                0.55001,                0.90117,                0.97834,                0.97782,                0.99465,                0.85987,                0.61439,                0.47108,                0.84583,             0.00025985,             0.00025985,             0.00025985
                    505,                0.70611,                 0.5478,                 0.9041,                0.97834,                0.97782,                0.99465,                0.85987,                0.61439,                0.47108,                0.84583,             0.00025816,             0.00025816,             0.00025816
                    506,                0.68434,                0.54544,                0.85578,                0.97844,                0.97827,                0.99462,                 0.8471,                0.62301,                0.46422,                0.84819,             0.00025647,             0.00025647,             0.00025647
                    507,                0.75084,                0.57577,                0.90515,                0.97844,                0.97827,                0.99462,                 0.8471,                0.62301,                0.46422,                0.84819,             0.00025478,             0.00025478,             0.00025478
                    508,                0.73256,                0.55289,                0.90567,                0.96959,                0.98105,                0.99446,                0.84895,                0.62743,                0.46252,                0.84567,             0.00025309,             0.00025309,             0.00025309
                    509,                0.72455,                0.56796,                 0.9119,                0.96959,                0.98105,                0.99446,                0.84895,                0.62743,                0.46252,                0.84567,             0.00025139,             0.00025139,             0.00025139
                    510,                0.67472,                0.57847,                0.88674,                0.97037,                 0.9884,                0.99474,                0.85499,                0.62468,                0.46651,                 0.8423,              0.0002497,              0.0002497,              0.0002497
                    511,                0.66769,                0.55563,                0.87824,                0.97037,                 0.9884,                0.99474,                0.85499,                0.62468,                0.46651,                 0.8423,             0.00024801,             0.00024801,             0.00024801
                    512,                0.67586,                0.52361,                0.89609,                0.97506,                 0.9835,                0.99474,                0.85665,                0.62515,                0.47369,                 0.8402,             0.00024632,             0.00024632,             0.00024632
                    513,                0.68837,                0.54924,                0.89596,                0.97506,                 0.9835,                0.99474,                0.85665,                0.62515,                0.47369,                 0.8402,             0.00024463,             0.00024463,             0.00024463
                    514,                0.63142,                0.51936,                0.88038,                 0.9747,                0.97972,                0.99465,                0.84947,                0.59341,                0.46849,                0.83842,             0.00024293,             0.00024293,             0.00024293
                    515,                0.66215,                 0.5375,                0.87401,                 0.9747,                0.97972,                0.99465,                0.84947,                0.59341,                0.46849,                0.83842,             0.00024124,             0.00024124,             0.00024124
                    516,                0.67421,                0.53562,                0.87751,                 0.9736,                0.97978,                0.99462,                0.84695,                0.58332,                0.46405,                0.83956,             0.00023955,             0.00023955,             0.00023955
                    517,                0.65817,                0.54465,                0.85863,                 0.9736,                0.97978,                0.99462,                0.84695,                0.58332,                0.46405,                0.83956,             0.00023786,             0.00023786,             0.00023786
                    518,                0.66822,                0.53494,                0.87661,                0.98047,                0.97019,                0.99458,                0.86483,                0.56884,                0.44956,                0.83885,             0.00023616,             0.00023616,             0.00023616
                    519,                0.71938,                0.56081,                0.91327,                0.98047,                0.97019,                0.99458,                0.86483,                0.56884,                0.44956,                0.83885,             0.00023447,             0.00023447,             0.00023447
                    520,                0.74989,                0.56987,                0.84625,                0.97719,                0.97556,                 0.9947,                0.86574,                0.56269,                0.44767,                0.83766,             0.00023278,             0.00023278,             0.00023278
                    521,                0.67887,                0.53059,                0.86378,                0.97719,                0.97556,                 0.9947,                0.86574,                0.56269,                0.44767,                0.83766,             0.00023109,             0.00023109,             0.00023109
                    522,                0.68857,                0.52683,                0.88771,                0.98039,                0.97425,                 0.9947,                0.85245,                0.58754,                 0.4559,                0.84101,              0.0002294,              0.0002294,              0.0002294
                    523,                0.99415,                0.75393,                0.96354,                0.98039,                0.97425,                 0.9947,                0.85245,                0.58754,                 0.4559,                0.84101,              0.0002277,              0.0002277,              0.0002277
                    524,                0.68998,                0.54471,                0.90801,                0.97983,                0.97629,                0.99473,                0.84999,                0.60537,                0.46004,                0.84347,             0.00022601,             0.00022601,             0.00022601
                    525,                0.70273,                 0.5406,                0.87597,                0.97983,                0.97629,                0.99473,                0.84999,                0.60537,                0.46004,                0.84347,             0.00022432,             0.00022432,             0.00022432
                    526,                0.71694,                  0.549,                0.89517,                0.96984,                0.98694,                0.99453,                0.84609,                0.60906,                0.46197,                 0.8421,             0.00022263,             0.00022263,             0.00022263
                    527,                0.65652,                0.52788,                0.86865,                0.96984,                0.98694,                0.99453,                0.84609,                0.60906,                0.46197,                 0.8421,             0.00022094,             0.00022094,             0.00022094
                    528,                0.69448,                 0.5531,                0.86758,                 0.9875,                0.97171,                0.99452,                 0.8512,                0.61335,                0.46539,                0.84094,             0.00021924,             0.00021924,             0.00021924
                    529,                0.68884,                0.54003,                0.85717,                 0.9875,                0.97171,                0.99452,                 0.8512,                0.61335,                0.46539,                0.84094,             0.00021755,             0.00021755,             0.00021755
                    530,                0.72581,                0.56856,                0.88849,                0.97757,                0.97736,                0.99428,                0.85236,                0.61479,                0.46005,                0.83913,             0.00021586,             0.00021586,             0.00021586
                    531,                0.81471,                0.60847,                0.90683,                0.97757,                0.97736,                0.99428,                0.85236,                0.61479,                0.46005,                0.83913,             0.00021417,             0.00021417,             0.00021417
                    532,                 0.6734,                0.52222,                0.88896,                0.97819,                0.98374,                0.99467,                0.85383,                0.61196,                0.46065,                0.83784,             0.00021247,             0.00021247,             0.00021247
                    533,                0.66422,                0.53804,                0.87333,                0.97819,                0.98374,                0.99467,                0.85383,                0.61196,                0.46065,                0.83784,             0.00021078,             0.00021078,             0.00021078
                    534,                0.72432,                0.57125,                0.87196,                0.97976,                0.98507,                0.99443,                0.85381,                0.59137,                0.45063,                0.83881,             0.00020909,             0.00020909,             0.00020909
                    535,                 0.6905,                0.56157,                0.88487,                0.97976,                0.98507,                0.99443,                0.85381,                0.59137,                0.45063,                0.83881,              0.0002074,              0.0002074,              0.0002074
                    536,                0.67844,                0.53164,                 0.8898,                0.97629,                0.98507,                0.99437,                0.85233,                0.58981,                0.44763,                0.84249,             0.00020571,             0.00020571,             0.00020571
                    537,                0.65712,                0.51882,                0.87905,                0.97629,                0.98507,                0.99437,                0.85233,                0.58981,                0.44763,                0.84249,             0.00020401,             0.00020401,             0.00020401
                    538,                0.75738,                0.57954,                0.88474,                0.96876,                 0.9902,                0.99401,                0.86824,                0.59457,                 0.4523,                0.84393,             0.00020232,             0.00020232,             0.00020232
                    539,                0.65704,                0.53098,                0.86616,                0.96876,                 0.9902,                0.99401,                0.86824,                0.59457,                 0.4523,                0.84393,             0.00020063,             0.00020063,             0.00020063
                    540,                0.73795,                0.56226,                0.87735,                 0.9664,                0.98971,                0.99437,                0.87226,                 0.5804,                0.44785,                0.84278,             0.00019894,             0.00019894,             0.00019894
                    541,                0.69795,                0.54323,                0.90423,                 0.9664,                0.98971,                0.99437,                0.87226,                 0.5804,                0.44785,                0.84278,             0.00019725,             0.00019725,             0.00019725
                    542,                 0.7096,                0.54882,                0.86673,                0.97304,                0.97885,                0.99431,                0.86346,                0.58634,                0.44865,                0.84275,             0.00019555,             0.00019555,             0.00019555
                    543,                0.68356,                0.56397,                0.89438,                0.97304,                0.97885,                0.99431,                0.86346,                0.58634,                0.44865,                0.84275,             0.00019386,             0.00019386,             0.00019386
                    544,                0.76428,                0.56809,                0.89395,                0.97326,                0.98038,                0.99449,                0.86371,                0.60118,                0.45155,                0.84443,             0.00019217,             0.00019217,             0.00019217
                    545,                0.74119,                0.55628,                0.88259,                0.97326,                0.98038,                0.99449,                0.86371,                0.60118,                0.45155,                0.84443,             0.00019048,             0.00019048,             0.00019048
                    546,                0.65688,                0.52267,                0.88123,                0.97743,                0.97683,                0.99452,                0.85231,                0.60842,                0.45025,                0.84377,             0.00018878,             0.00018878,             0.00018878
                    547,                0.71754,                0.63546,                0.88166,                0.97743,                0.97683,                0.99452,                0.85231,                0.60842,                0.45025,                0.84377,             0.00018709,             0.00018709,             0.00018709
                    548,                 0.6691,                0.53133,                0.87678,                0.97112,                0.98826,                0.99455,                0.84966,                 0.5976,                0.44755,                0.84285,              0.0001854,              0.0001854,              0.0001854
                    549,                0.87434,                0.67072,                0.95015,                0.97112,                0.98826,                0.99455,                0.84966,                 0.5976,                0.44755,                0.84285,             0.00018371,             0.00018371,             0.00018371
                    550,                0.67649,                0.54231,                0.88258,                0.96658,                0.98729,                0.99407,                0.86015,                0.60575,                0.45008,                0.84303,             0.00018202,             0.00018202,             0.00018202
                    551,                0.74553,                0.58328,                0.87369,                0.96658,                0.98729,                0.99407,                0.86015,                0.60575,                0.45008,                0.84303,             0.00018032,             0.00018032,             0.00018032
                    552,                0.64811,                0.51625,                0.86377,                0.97923,                0.97409,                0.99452,                0.86036,                0.60924,                0.45212,                0.84373,             0.00017863,             0.00017863,             0.00017863
                    553,                0.67647,                0.55495,                0.87275,                0.97923,                0.97409,                0.99452,                0.86036,                0.60924,                0.45212,                0.84373,             0.00017694,             0.00017694,             0.00017694
                    554,                0.77713,                0.58391,                0.86583,                0.97933,                0.97765,                0.99471,                0.85144,                0.60524,                0.45069,                0.84232,             0.00017525,             0.00017525,             0.00017525
                    555,                0.68705,                0.53087,                0.87387,                0.97933,                0.97765,                0.99471,                0.85144,                0.60524,                0.45069,                0.84232,             0.00017356,             0.00017356,             0.00017356
                    556,                0.65817,                0.55183,                0.87008,                0.97867,                0.97553,                0.99476,                 0.8522,                0.59978,                0.44897,                0.83855,             0.00017186,             0.00017186,             0.00017186
                    557,                0.68641,                0.55816,                0.88347,                0.97867,                0.97553,                0.99476,                 0.8522,                0.59978,                0.44897,                0.83855,             0.00017017,             0.00017017,             0.00017017
                    558,                0.63385,                0.52049,                0.85533,                0.97555,                0.97564,                0.99476,                0.85323,                0.59295,                0.44735,                0.83719,             0.00016848,             0.00016848,             0.00016848
                    559,                0.66445,                0.51935,                0.84797,                0.97555,                0.97564,                0.99476,                0.85323,                0.59295,                0.44735,                0.83719,             0.00016679,             0.00016679,             0.00016679
                    560,                0.67929,                0.55594,                0.86138,                0.98032,                0.97096,                0.99479,                0.85944,                0.59255,                 0.4464,                0.83714,             0.00016509,             0.00016509,             0.00016509
                    561,                0.63959,                0.52788,                0.86222,                0.98032,                0.97096,                0.99479,                0.85944,                0.59255,                 0.4464,                0.83714,              0.0001634,              0.0001634,              0.0001634
                    562,                0.70117,                0.55423,                0.90061,                0.98083,                0.97075,                0.99476,                0.85803,                0.59544,                0.45068,                0.83794,             0.00016171,             0.00016171,             0.00016171
                    563,                0.63446,                 0.5078,                 0.8738,                0.98083,                0.97075,                0.99476,                0.85803,                0.59544,                0.45068,                0.83794,             0.00016002,             0.00016002,             0.00016002
                    564,                0.71698,                0.54432,                 0.8914,                0.98065,                0.97058,                0.99467,                0.85901,                0.58564,                0.44649,                0.83928,             0.00015833,             0.00015833,             0.00015833
                    565,                0.68825,                 0.5491,                0.88763,                0.98065,                0.97058,                0.99467,                0.85901,                0.58564,                0.44649,                0.83928,             0.00015663,             0.00015663,             0.00015663
                    566,                0.66744,                0.54768,                0.87934,                0.98052,                0.97204,                0.99459,                0.86309,                0.57942,                 0.4443,                0.84114,             0.00015494,             0.00015494,             0.00015494
                    567,                0.69061,                0.55247,                0.87653,                0.98052,                0.97204,                0.99459,                0.86309,                0.57942,                 0.4443,                0.84114,             0.00015325,             0.00015325,             0.00015325
                    568,                0.64384,                0.51684,                0.86001,                0.98501,                0.97313,                0.99404,                 0.8621,                0.57299,                0.44028,                  0.842,             0.00015156,             0.00015156,             0.00015156
                    569,                0.68043,                0.54194,                0.86997,                0.98501,                0.97313,                0.99404,                 0.8621,                0.57299,                0.44028,                  0.842,             0.00014987,             0.00014987,             0.00014987
                    570,                0.71482,                 0.5503,                0.89693,                0.96602,                0.99129,                0.99433,                0.86281,                0.56816,                0.43801,                0.84039,             0.00014817,             0.00014817,             0.00014817
                    571,                0.61875,                0.48705,                0.88074,                0.96602,                0.99129,                0.99433,                0.86281,                0.56816,                0.43801,                0.84039,             0.00014648,             0.00014648,             0.00014648
                    572,                0.78458,                  0.616,                0.92136,                0.96791,                0.99104,                0.99421,                0.86755,                0.57429,                0.44602,                0.83866,             0.00014479,             0.00014479,             0.00014479
                    573,                0.66229,                0.55647,                0.88346,                0.96791,                0.99104,                0.99421,                0.86755,                0.57429,                0.44602,                0.83866,              0.0001431,              0.0001431,              0.0001431
                    574,                0.69998,                0.53889,                0.90079,                0.97434,                  0.987,                0.99463,                0.84897,                0.57767,                0.44771,                0.83771,              0.0001414,              0.0001414,              0.0001414
                    575,                0.65901,                0.51513,                0.87522,                0.97434,                  0.987,                0.99463,                0.84897,                0.57767,                0.44771,                0.83771,             0.00013971,             0.00013971,             0.00013971
                    576,                0.63212,                0.51652,                 0.8639,                0.97441,                0.98605,                0.99463,                0.85116,                0.59005,                0.45173,                0.83968,             0.00013802,             0.00013802,             0.00013802
                    577,                0.72263,                0.56152,                0.86763,                0.97441,                0.98605,                0.99463,                0.85116,                0.59005,                0.45173,                0.83968,             0.00013633,             0.00013633,             0.00013633
                    578,                0.63548,                0.53171,                0.87364,                0.97337,                0.98713,                0.99453,                 0.8541,                0.59533,                0.45131,                0.84318,             0.00013464,             0.00013464,             0.00013464
                    579,                0.64336,                0.53547,                0.87213,                0.97337,                0.98713,                0.99453,                 0.8541,                0.59533,                0.45131,                0.84318,             0.00013294,             0.00013294,             0.00013294
                    580,                0.64371,                0.49043,                0.88338,                 0.9666,                0.98719,                0.99421,                0.85558,                0.59011,                0.45368,                0.84312,             0.00013125,             0.00013125,             0.00013125
                    581,                0.70012,                0.54108,                0.89512,                 0.9666,                0.98719,                0.99421,                0.85558,                0.59011,                0.45368,                0.84312,             0.00012956,             0.00012956,             0.00012956
                    582,                0.66159,                0.51897,                0.88039,                0.96598,                0.98896,                0.99435,                0.86008,                0.58948,                 0.4465,                0.83944,             0.00012787,             0.00012787,             0.00012787
                    583,                0.71249,                0.55935,                0.91014,                0.96598,                0.98896,                0.99435,                0.86008,                0.58948,                 0.4465,                0.83944,             0.00012618,             0.00012618,             0.00012618
                    584,                0.64553,                0.51132,                0.86069,                0.96422,                0.99104,                0.99435,                0.85532,                0.58829,                0.44738,                0.83789,             0.00012448,             0.00012448,             0.00012448
                    585,                0.66944,                0.52467,                0.87125,                0.96422,                0.99104,                0.99435,                0.85532,                0.58829,                0.44738,                0.83789,             0.00012279,             0.00012279,             0.00012279
                    586,                0.65856,                0.52643,                0.82448,                0.96131,                0.98973,                0.99453,                0.85819,                0.59839,                0.45371,                0.83603,              0.0001211,              0.0001211,              0.0001211
                    587,                0.71865,                0.56249,                 0.8925,                0.96131,                0.98973,                0.99453,                0.85819,                0.59839,                0.45371,                0.83603,             0.00011941,             0.00011941,             0.00011941
                    588,                0.70171,                0.55709,                0.85872,                0.98314,                0.97015,                0.99455,                0.85575,                0.60363,                0.45384,                0.83715,             0.00011771,             0.00011771,             0.00011771
                    589,                0.63057,                 0.4978,                0.87615,                0.98314,                0.97015,                0.99455,                0.85575,                0.60363,                0.45384,                0.83715,             0.00011602,             0.00011602,             0.00011602
                    590,                 0.6402,                0.52086,                0.85691,                0.98329,                0.97092,                0.99458,                0.85284,                0.59987,                0.45019,                0.83787,             0.00011433,             0.00011433,             0.00011433
                    591,                0.70578,                0.54853,                 0.8587,                0.98329,                0.97092,                0.99458,                0.85284,                0.59987,                0.45019,                0.83787,             0.00011264,             0.00011264,             0.00011264
                    592,                0.82854,                0.59504,                0.91448,                0.98447,                0.97109,                0.99458,                 0.8569,                0.59507,                0.44833,                0.83908,             0.00011095,             0.00011095,             0.00011095
                    593,                 0.6271,                0.50769,                0.86485,                0.98447,                0.97109,                0.99458,                 0.8569,                0.59507,                0.44833,                0.83908,             0.00010925,             0.00010925,             0.00010925
                    594,                0.69622,                0.54913,                0.84635,                0.98553,                0.97136,                0.99473,                0.85548,                0.59473,                  0.452,                0.83997,             0.00010756,             0.00010756,             0.00010756
                    595,                0.67065,                0.52791,                0.87744,                0.98553,                0.97136,                0.99473,                0.85548,                0.59473,                  0.452,                0.83997,             0.00010587,             0.00010587,             0.00010587
                    596,                0.62997,                0.52102,                0.88572,                 0.9862,                0.97173,                0.99476,                0.84682,                0.59357,                0.44875,                0.84059,             0.00010418,             0.00010418,             0.00010418
                    597,                0.66648,                0.53574,                0.88727,                 0.9862,                0.97173,                0.99476,                0.84682,                0.59357,                0.44875,                0.84059,             0.00010249,             0.00010249,             0.00010249
                    598,                0.66089,                0.51946,                0.87292,                0.98686,                0.97167,                0.99476,                0.85056,                 0.5871,                 0.4438,                0.83994,             0.00010079,             0.00010079,             0.00010079
                    599,                 0.6291,                0.52157,                0.87101,                0.98686,                0.97167,                0.99476,                0.85056,                 0.5871,                 0.4438,                0.83994,             9.9101e-05,             9.9101e-05,             9.9101e-05
                    600,                0.68184,                0.53436,                0.83827,                 0.9757,                0.98426,                0.99479,                0.84954,                0.57449,                0.43681,                0.83724,             9.7409e-05,             9.7409e-05,             9.7409e-05
                    601,                0.66421,                0.52207,                0.84912,                 0.9757,                0.98426,                0.99479,                0.84954,                0.57449,                0.43681,                0.83724,             9.5717e-05,             9.5717e-05,             9.5717e-05
                    602,                0.63728,                0.50202,                0.87311,                0.97925,                0.98495,                0.99479,                0.85138,                0.57197,                0.43408,                0.83705,             9.4025e-05,             9.4025e-05,             9.4025e-05
                    603,                0.72183,                0.58457,                0.86239,                0.97925,                0.98495,                0.99479,                0.85138,                0.57197,                0.43408,                0.83705,             9.2333e-05,             9.2333e-05,             9.2333e-05
                    604,                0.69044,                0.52552,                0.88384,                0.98205,                 0.9841,                0.99482,                0.84139,                0.57505,                0.43079,                 0.8361,             9.0641e-05,             9.0641e-05,             9.0641e-05
                    605,                  0.648,                0.51338,                0.85915,                0.98205,                 0.9841,                0.99482,                0.84139,                0.57505,                0.43079,                 0.8361,             8.8948e-05,             8.8948e-05,             8.8948e-05
                    606,                0.62342,                0.50306,                0.88004,                0.98184,                 0.9854,                0.99485,                 0.8495,                0.57283,                0.43263,                0.83608,             8.7256e-05,             8.7256e-05,             8.7256e-05
                    607,                0.63547,                 0.5093,                0.85704,                0.98184,                 0.9854,                0.99485,                 0.8495,                0.57283,                0.43263,                0.83608,             8.5564e-05,             8.5564e-05,             8.5564e-05
                    608,                0.80571,                0.57625,                0.84885,                0.97923,                0.98828,                0.99488,                0.84171,                 0.5665,                0.42857,                0.83571,             8.3872e-05,             8.3872e-05,             8.3872e-05
                    609,                0.65837,                0.52436,                0.85741,                0.97923,                0.98828,                0.99488,                0.84171,                 0.5665,                0.42857,                0.83571,              8.218e-05,              8.218e-05,              8.218e-05
                    610,                0.64882,                0.51672,                0.86747,                0.97818,                0.98757,                0.99483,                0.84551,                0.56647,                0.42976,                 0.8345,             8.0488e-05,             8.0488e-05,             8.0488e-05
                    611,                0.62884,                0.50305,                 0.8807,                0.97818,                0.98757,                0.99483,                0.84551,                0.56647,                0.42976,                 0.8345,             7.8796e-05,             7.8796e-05,             7.8796e-05
                    612,                0.67576,                0.51697,                0.88966,                0.97708,                 0.9918,                0.99483,                0.84841,                0.56805,                0.43215,                0.83567,             7.7103e-05,             7.7103e-05,             7.7103e-05
                    613,                0.67198,                0.52588,                0.88172,                0.97708,                 0.9918,                0.99483,                0.84841,                0.56805,                0.43215,                0.83567,             7.5411e-05,             7.5411e-05,             7.5411e-05
                    614,                0.65073,                0.51528,                0.87161,                 0.9749,                0.99336,                0.99483,                0.84573,                0.57057,                 0.4361,                0.83615,             7.3719e-05,             7.3719e-05,             7.3719e-05
                    615,                0.61845,                0.49906,                 0.8852,                 0.9749,                0.99336,                0.99483,                0.84573,                0.57057,                 0.4361,                0.83615,             7.2027e-05,             7.2027e-05,             7.2027e-05
                    616,                0.63754,                0.49189,                0.86168,                0.97367,                0.99401,                0.99483,                0.85015,                0.57119,                0.43507,                0.83751,             7.0335e-05,             7.0335e-05,             7.0335e-05
                    617,                0.68745,                0.53943,                0.84545,                0.97367,                0.99401,                0.99483,                0.85015,                0.57119,                0.43507,                0.83751,             6.8643e-05,             6.8643e-05,             6.8643e-05
                    618,                0.67329,                0.52594,                0.86529,                0.97119,                0.99403,                0.99483,                 0.8527,                0.57727,                0.44179,                0.83836,             6.6951e-05,             6.6951e-05,             6.6951e-05
                    619,                0.68117,                0.53923,                0.87996,                0.97119,                0.99403,                0.99483,                 0.8527,                0.57727,                0.44179,                0.83836,             6.5258e-05,             6.5258e-05,             6.5258e-05
                    620,                0.68774,                0.52538,                0.88413,                0.96981,                0.99403,                0.99483,                0.85113,                0.58283,                0.43798,                0.83917,             6.3566e-05,             6.3566e-05,             6.3566e-05
                    621,                0.68208,                0.53158,                0.85739,                0.96981,                0.99403,                0.99483,                0.85113,                0.58283,                0.43798,                0.83917,             6.1874e-05,             6.1874e-05,             6.1874e-05
                    622,                0.60746,                0.48102,                 0.8724,                0.96893,                0.99403,                0.99483,                0.84582,                0.58466,                0.44114,                0.84018,             6.0182e-05,             6.0182e-05,             6.0182e-05
                    623,                 0.5924,                0.47913,                  0.858,                0.96893,                0.99403,                0.99483,                0.84582,                0.58466,                0.44114,                0.84018,              5.849e-05,              5.849e-05,              5.849e-05
                    624,                0.66337,                0.51995,                0.87934,                0.96817,                0.99403,                0.99483,                0.84754,                0.58436,                 0.4422,                0.84037,             5.6798e-05,             5.6798e-05,             5.6798e-05
                    625,                0.63513,                0.50502,                0.85771,                0.96817,                0.99403,                0.99483,                0.84754,                0.58436,                 0.4422,                0.84037,             5.5106e-05,             5.5106e-05,             5.5106e-05
                    626,                0.64151,                0.51208,                0.85795,                0.96699,                0.99403,                0.99483,                0.85354,                 0.5879,                 0.4361,                0.83866,             5.3413e-05,             5.3413e-05,             5.3413e-05
                    627,                0.63394,                0.50823,                0.85447,                0.96699,                0.99403,                0.99483,                0.85354,                 0.5879,                 0.4361,                0.83866,             5.1721e-05,             5.1721e-05,             5.1721e-05
                    628,                0.69629,                0.63585,                0.87516,                0.96605,                0.99403,                0.99483,                0.85064,                0.58242,                0.43323,                 0.8371,             5.0029e-05,             5.0029e-05,             5.0029e-05
                    629,                 0.6337,                 0.5116,                0.87455,                0.96605,                0.99403,                0.99483,                0.85064,                0.58242,                0.43323,                 0.8371,             4.8337e-05,             4.8337e-05,             4.8337e-05
                    630,                0.71416,                 0.5323,                0.85634,                0.96332,                0.99403,                0.99486,                0.85101,                0.57711,                0.43303,                0.83609,             4.6645e-05,             4.6645e-05,             4.6645e-05
                    631,                0.65095,                0.51848,                0.86542,                0.96332,                0.99403,                0.99486,                0.85101,                0.57711,                0.43303,                0.83609,             4.4953e-05,             4.4953e-05,             4.4953e-05
                    632,                0.68737,                0.54274,                0.86232,                0.96277,                0.99403,                0.99486,                0.84977,                0.57108,                0.43042,                0.83593,             4.3261e-05,             4.3261e-05,             4.3261e-05
                    633,                0.62724,                0.51106,                0.87714,                0.96277,                0.99403,                0.99486,                0.84977,                0.57108,                0.43042,                0.83593,             4.1568e-05,             4.1568e-05,             4.1568e-05
                    634,                0.67442,                0.54116,                0.85973,                0.95989,                0.99403,                0.99479,                0.85663,                0.57133,                0.42617,                 0.8363,             3.9876e-05,             3.9876e-05,             3.9876e-05
                    635,                0.63178,                0.50898,                0.85447,                0.95989,                0.99403,                0.99479,                0.85663,                0.57133,                0.42617,                 0.8363,             3.8184e-05,             3.8184e-05,             3.8184e-05
                    636,                0.68146,                0.53549,                0.87322,                0.96049,                0.99303,                0.99479,                0.85962,                0.56611,                0.42834,                0.83533,             3.6492e-05,             3.6492e-05,             3.6492e-05
                    637,                0.61985,                0.49872,                0.86271,                0.96049,                0.99303,                0.99479,                0.85962,                0.56611,                0.42834,                0.83533,               3.48e-05,               3.48e-05,               3.48e-05
                    638,                0.66109,                0.52764,                0.85259,                0.96104,                0.99392,                0.99476,                0.85999,                 0.5662,                0.42719,                0.83532,             3.3108e-05,             3.3108e-05,             3.3108e-05
                    639,                0.61603,                0.49464,                0.86849,                0.96104,                0.99392,                0.99476,                0.85999,                 0.5662,                0.42719,                0.83532,             3.1416e-05,             3.1416e-05,             3.1416e-05
                    640,                0.66545,                0.51745,                0.86853,                 0.9614,                0.99411,                0.99485,                0.85832,                0.56738,                0.42558,                0.83491,             2.9724e-05,             2.9724e-05,             2.9724e-05
                    641,                0.72971,                0.65265,                 0.8596,                 0.9614,                0.99411,                0.99485,                0.85832,                0.56738,                0.42558,                0.83491,             2.8031e-05,             2.8031e-05,             2.8031e-05
