                  epoch,         train/box_loss,         train/cls_loss,         train/dfl_loss,   metrics/precision(B),      metrics/recall(B),       metrics/mAP50(B),    metrics/mAP50-95(B),           val/box_loss,           val/cls_loss,           val/dfl_loss,                 lr/pg0,                 lr/pg1,                 lr/pg2
                      1,                  4.959,                 4.6843,                 2.7326,                      0,                      0,                      0,                      0,                 3.5602,                  4.572,                 2.1197,                  1e-05,                  1e-05,                  1e-05
                      2,                 4.8331,                 4.6825,                 2.6577,                      0,                      0,                      0,                      0,                 3.5615,                 4.5694,                 2.1521,             2.9901e-05,             2.9901e-05,             2.9901e-05
                      3,                 4.9612,                 4.7114,                 2.6264,                      0,                      0,                      0,                      0,                 3.5902,                 4.5683,                 2.1684,              4.967e-05,              4.967e-05,              4.967e-05
                      4,                 4.5764,                 4.6632,                 2.8769,                      0,                      0,                      0,                      0,                  3.574,                 4.5681,                 2.1856,             6.9307e-05,             6.9307e-05,             6.9307e-05
                      5,                 4.7931,                 4.6491,                 2.5376,                      0,                      0,                      0,                      0,                 3.0177,                 4.5309,                 1.9266,             8.8812e-05,             8.8812e-05,             8.8812e-05
                      6,                 3.8365,                 4.5346,                  1.945,                      0,                      0,                      0,                      0,                 2.7788,                 4.4836,                 1.8358,             0.00010818,             0.00010818,             0.00010818
                      7,                 3.1119,                 4.4023,                 1.7123,                      0,                      0,                      0,                      0,                 2.9888,                 4.4099,                  1.901,             0.00012743,             0.00012743,             0.00012743
                      8,                 3.0469,                 4.2134,                 1.6033,                      0,                      0,                      0,                      0,                 3.2022,                 4.3901,                  2.043,             0.00014653,             0.00014653,             0.00014653
                      9,                 2.8793,                 3.9405,                 1.5492,                      0,                      0,                      0,                      0,                 3.1446,                 4.3753,                 2.0494,             0.00016551,             0.00016551,             0.00016551
                     10,                 2.6862,                 3.7683,                 1.4757,                      0,                      0,                      0,                      0,                 2.8622,                 4.3255,                 1.9733,             0.00018436,             0.00018436,             0.00018436
                     11,                 2.7334,                 3.5504,                 1.4215,                0.00291,                0.07687,                0.00617,                0.00086,                 2.5659,                 4.2459,                 1.8485,             0.00020307,             0.00020307,             0.00020307
                     12,                 2.4657,                 3.3521,                 1.4055,                  0.003,                0.05034,                0.00842,                0.00125,                  2.317,                 4.1657,                 1.6359,             0.00022165,             0.00022165,             0.00022165
                     13,                 2.5139,                 3.1076,                 1.3474,                0.00133,                 0.0102,                0.00195,                0.00052,                  2.146,                 4.0939,                 1.5109,              0.0002401,              0.0002401,              0.0002401
                     14,                  2.082,                 2.8539,                  1.548,                0.00495,                0.03741,                0.00746,                0.00183,                 1.9814,                  4.014,                 1.4369,             0.00025842,             0.00025842,             0.00025842
                     15,                 1.9691,                 2.7018,                 1.3406,                0.01256,                0.08844,                0.03526,                0.00765,                 1.8886,                 3.9099,                 1.3988,              0.0002766,              0.0002766,              0.0002766
                     16,                 2.4219,                 2.4665,                  1.271,                0.01515,                0.10884,                0.04134,                0.01335,                 1.8779,                 3.7691,                  1.372,             0.00029466,             0.00029466,             0.00029466
                     17,                 2.3989,                 2.0911,                 1.3386,                0.01687,                0.11565,                0.05808,                0.02648,                 1.8264,                 3.6128,                  1.356,             0.00031258,             0.00031258,             0.00031258
                     18,                 2.3942,                  2.053,                 1.2486,                0.02176,                0.17959,                0.09226,                0.04397,                 1.7643,                 3.4811,                 1.3514,             0.00033036,             0.00033036,             0.00033036
                     19,                 2.1392,                 1.9205,                 1.2329,                0.94037,                0.07143,                0.13202,                0.05235,                 1.7757,                 3.2103,                 1.3757,             0.00034802,             0.00034802,             0.00034802
                     20,                 1.9765,                 1.8885,                 1.2054,                0.95211,                0.07483,                0.17844,                 0.0779,                 1.6536,                 2.9365,                 1.3474,             0.00036555,             0.00036555,             0.00036555
                     21,                 2.0431,                  1.788,                 1.1884,                0.95763,                0.07984,                0.25208,                0.11588,                 1.5706,                 2.6862,                 1.2968,             0.00038294,             0.00038294,             0.00038294
                     22,                 1.7618,                 1.6808,                 1.2071,                0.95607,                0.08844,                 0.2735,                0.14453,                 1.4894,                 2.4773,                 1.2134,              0.0004002,              0.0004002,              0.0004002
                     23,                 1.7701,                 1.7653,                   1.19,                0.91926,                0.11905,                0.26657,                0.14683,                 1.4349,                 2.3654,                 1.1738,             0.00041733,             0.00041733,             0.00041733
                     24,                 1.7986,                 1.7985,                 1.1161,                0.91533,                0.11905,                0.31407,                0.16164,                 1.4938,                 2.2781,                 1.2069,             0.00043433,             0.00043433,             0.00043433
                     25,                 1.7261,                 1.5576,                 1.1335,                0.91129,                 0.1677,                0.34118,                 0.1689,                 1.5402,                 2.1824,                 1.2402,             0.00045119,             0.00045119,             0.00045119
                     26,                 1.7289,                 1.6387,                 1.1256,                0.90772,                0.21125,                0.37799,                0.19088,                 1.4839,                 2.0931,                 1.1936,             0.00046792,             0.00046792,             0.00046792
                     27,                 2.0078,                 1.6733,                 1.1624,                0.92243,                0.25745,                0.42845,                0.24048,                 1.3464,                 1.9018,                 1.1149,             0.00048453,             0.00048453,             0.00048453
                     28,                 1.6303,                 1.4826,                 1.1056,                0.92243,                0.25745,                0.42845,                0.24048,                 1.3464,                 1.9018,                 1.1149,               0.000501,               0.000501,               0.000501
                     29,                 1.8534,                 1.5054,                 1.1642,                0.92226,                0.27551,                0.44695,                0.26794,                 1.3074,                 1.7579,                  1.088,             0.00051733,             0.00051733,             0.00051733
                     30,                 2.1148,                 1.5493,                 1.1714,                0.88451,                0.28571,                0.45236,                0.28384,                 1.2457,                 1.6355,                 1.0853,             0.00053354,             0.00053354,             0.00053354
                     31,                 1.5818,                 1.3638,                 1.1085,                0.88451,                0.28571,                0.45236,                0.28384,                 1.2457,                 1.6355,                 1.0853,             0.00054961,             0.00054961,             0.00054961
                     32,                 1.5149,                 1.3923,                 1.1096,                0.86631,                0.36534,                0.46448,                0.28557,                 1.2993,                 1.5395,                 1.1268,             0.00056555,             0.00056555,             0.00056555
                     33,                 1.7168,                 1.4714,                 1.1086,                0.91587,                0.35945,                0.45968,                  0.276,                 1.3445,                 1.4841,                 1.1416,             0.00058136,             0.00058136,             0.00058136
                     34,                  1.747,                 1.5077,                 1.1535,                0.91587,                0.35945,                0.45968,                  0.276,                 1.3445,                 1.4841,                 1.1416,             0.00059704,             0.00059704,             0.00059704
                     35,                  1.856,                 1.3321,                 1.0671,                0.92511,                0.36369,                0.50528,                0.28708,                 1.4037,                 1.4376,                 1.1506,             0.00061258,             0.00061258,             0.00061258
                     36,                 1.6995,                 1.3996,                 1.0562,                0.88214,                 0.3983,                0.57683,                0.32269,                 1.3823,                 1.3759,                 1.1161,             0.00062799,             0.00062799,             0.00062799
                     37,                  1.744,                 1.5105,                 1.0543,                0.88214,                 0.3983,                0.57683,                0.32269,                 1.3823,                 1.3759,                 1.1161,             0.00064328,             0.00064328,             0.00064328
                     38,                 1.5465,                 1.3915,                 1.0733,                 0.8893,                0.42938,                0.54754,                0.31843,                 1.3628,                 1.3679,                 1.0937,             0.00065843,             0.00065843,             0.00065843
                     39,                 1.7772,                 1.3343,                 1.0557,                0.89543,                0.45742,                0.55618,                0.32803,                 1.2539,                 1.3632,                 1.0747,             0.00067344,             0.00067344,             0.00067344
                     40,                 1.8201,                 1.4942,                 1.0606,                0.89543,                0.45742,                0.55618,                0.32803,                 1.2539,                 1.3632,                 1.0747,             0.00068833,             0.00068833,             0.00068833
                     41,                 1.6357,                 1.3955,                 1.0931,                0.89052,                0.47619,                0.55782,                 0.3314,                 1.2193,                 1.3899,                 1.0808,             0.00070308,             0.00070308,             0.00070308
                     42,                 1.4568,                 1.2954,                 1.0777,                0.92683,                0.45079,                0.57179,                0.32751,                 1.2557,                 1.4331,                 1.0758,              0.0007177,              0.0007177,              0.0007177
                     43,                 1.7148,                 1.4082,                 1.0797,                0.92683,                0.45079,                0.57179,                0.32751,                 1.2557,                 1.4331,                 1.0758,             0.00073219,             0.00073219,             0.00073219
                     44,                 1.4363,                 1.2835,                 1.0691,                0.93133,                0.46599,                0.57918,                0.31815,                 1.3286,                 1.4158,                 1.0813,             0.00074655,             0.00074655,             0.00074655
                     45,                 1.4324,                 1.1809,                 1.0746,                0.93133,                0.46599,                0.57918,                0.31815,                 1.3286,                 1.4158,                 1.0813,             0.00076077,             0.00076077,             0.00076077
                     46,                 1.5767,                 1.2408,                 1.0628,                0.94375,                0.45098,                0.64434,                0.35272,                  1.313,                 1.3656,                 1.0712,             0.00077487,             0.00077487,             0.00077487
                     47,                 1.5258,                 1.2621,                 1.0646,                0.94375,                0.45098,                0.64434,                0.35272,                  1.313,                 1.3656,                 1.0712,             0.00078883,             0.00078883,             0.00078883
                     48,                 1.4508,                 1.1981,                 1.0525,                 0.9332,                 0.4422,                0.64128,                0.37939,                 1.2894,                 1.3301,                  1.084,             0.00080265,             0.00080265,             0.00080265
                     49,                 1.4698,                 1.2276,                 1.0983,                 0.9332,                 0.4422,                0.64128,                0.37939,                 1.2894,                 1.3301,                  1.084,             0.00081635,             0.00081635,             0.00081635
                     50,                 1.8655,                 1.2778,                   1.06,                0.59715,                0.53186,                0.69928,                0.42329,                 1.2472,                 1.3118,                 1.0771,             0.00082992,             0.00082992,             0.00082992
                     51,                 1.6053,                 1.3111,                 1.0537,                0.59715,                0.53186,                0.69928,                0.42329,                 1.2472,                 1.3118,                 1.0771,               0.000835,               0.000835,               0.000835
                     52,                 1.4399,                 1.2673,                 1.0411,                0.62484,                0.54258,                0.66662,                0.43348,                 1.2079,                 1.3655,                 1.0544,              0.0008317,              0.0008317,              0.0008317
                     53,                 1.3865,                 1.1548,                 1.0323,                0.62484,                0.54258,                0.66662,                0.43348,                 1.2079,                 1.3655,                 1.0544,              0.0008284,              0.0008284,              0.0008284
                     54,                 1.3713,                 1.2975,                 1.0183,                0.55842,                0.58345,                0.68025,                0.42901,                  1.184,                 1.3962,                 1.0239,              0.0008251,              0.0008251,              0.0008251
                     55,                 1.5478,                 1.1887,                 1.0346,                0.55842,                0.58345,                0.68025,                0.42901,                  1.184,                 1.3962,                 1.0239,              0.0008218,              0.0008218,              0.0008218
                     56,                 1.6428,                 1.2131,                 1.0478,                0.55072,                0.63995,                0.67722,                0.42413,                 1.1774,                 1.3693,                 1.0155,              0.0008185,              0.0008185,              0.0008185
                     57,                  1.383,                 1.1122,                 1.0736,                0.55072,                0.63995,                0.67722,                0.42413,                 1.1774,                 1.3693,                 1.0155,              0.0008152,              0.0008152,              0.0008152
                     58,                 1.7582,                 1.1912,                   1.06,                0.56927,                0.63383,                0.65866,                0.45166,                 1.1429,                 1.3283,                 1.0031,              0.0008119,              0.0008119,              0.0008119
                     59,                 1.4361,                 1.1561,                 1.0311,                0.56927,                0.63383,                0.65866,                0.45166,                 1.1429,                 1.3283,                 1.0031,              0.0008086,              0.0008086,              0.0008086
                     60,                 1.5638,                 1.1554,                 1.0263,                0.68349,                0.73099,                0.77442,                0.49885,                 1.2182,                  1.287,                 1.0309,              0.0008053,              0.0008053,              0.0008053
                     61,                 1.5312,                 1.1423,                  1.066,                0.68349,                0.73099,                0.77442,                0.49885,                 1.2182,                  1.287,                 1.0309,               0.000802,               0.000802,               0.000802
                     62,                 1.5951,                 1.2026,                0.99609,                  0.622,                0.75872,                0.81138,                0.52394,                 1.2584,                 1.2266,                 1.0734,              0.0007987,              0.0007987,              0.0007987
                     63,                 1.5242,                  1.129,                 1.0344,                  0.622,                0.75872,                0.81138,                0.52394,                 1.2584,                 1.2266,                 1.0734,              0.0007954,              0.0007954,              0.0007954
                     64,                 1.7764,                 1.9078,                 1.4186,                0.63004,                0.74377,                0.82962,                0.56195,                 1.2067,                 1.2073,                 1.0162,              0.0007921,              0.0007921,              0.0007921
                     65,                 1.4582,                 1.0998,                 1.0292,                0.63004,                0.74377,                0.82962,                0.56195,                 1.2067,                 1.2073,                 1.0162,              0.0007888,              0.0007888,              0.0007888
                     66,                 1.4426,                 1.1104,                 1.0449,                0.65797,                0.78189,                 0.8267,                0.54684,                 1.2281,                 1.1959,                 1.0418,              0.0007855,              0.0007855,              0.0007855
                     67,                 1.3646,                 1.0741,                 1.0154,                0.65797,                0.78189,                 0.8267,                0.54684,                 1.2281,                 1.1959,                 1.0418,              0.0007822,              0.0007822,              0.0007822
                     68,                 1.6014,                 1.2144,                 1.0183,                0.74712,                0.86876,                  0.884,                0.58508,                 1.2309,                 1.1211,                 1.0967,              0.0007789,              0.0007789,              0.0007789
                     69,                 1.4048,                  1.099,                 1.0031,                0.74712,                0.86876,                  0.884,                0.58508,                 1.2309,                 1.1211,                 1.0967,              0.0007756,              0.0007756,              0.0007756
                     70,                 1.3958,                 1.0407,                 1.0142,                0.79173,                0.84703,                 0.8925,                0.61982,                 1.1874,                  1.001,                 1.0462,              0.0007723,              0.0007723,              0.0007723
                     71,                 1.4495,                 1.1373,                 1.1601,                0.79173,                0.84703,                 0.8925,                0.61982,                 1.1874,                  1.001,                 1.0462,               0.000769,               0.000769,               0.000769
                     72,                 1.3395,                0.96392,                0.98338,                0.80895,                0.86097,                0.89132,                0.62977,                 1.1815,                0.94654,                 1.0323,              0.0007657,              0.0007657,              0.0007657
                     73,                 1.4345,                 1.0823,                 1.0312,                0.80895,                0.86097,                0.89132,                0.62977,                 1.1815,                0.94654,                 1.0323,              0.0007624,              0.0007624,              0.0007624
                     74,                 1.3881,                 1.1524,                 1.0736,                0.77857,                 0.8615,                0.89489,                0.63988,                 1.1128,                0.91071,                 1.0212,              0.0007591,              0.0007591,              0.0007591
                     75,                 1.5234,                 1.0209,                 1.0018,                0.77857,                 0.8615,                0.89489,                0.63988,                 1.1128,                0.91071,                 1.0212,              0.0007558,              0.0007558,              0.0007558
                     76,                 1.3306,                0.99203,                 1.0256,                0.79505,                0.92228,                0.90747,                0.64143,                  1.079,                0.88686,                0.99714,              0.0007525,              0.0007525,              0.0007525
                     77,                 1.4642,                 1.0183,                 1.0078,                0.79505,                0.92228,                0.90747,                0.64143,                  1.079,                0.88686,                0.99714,              0.0007492,              0.0007492,              0.0007492
                     78,                 1.2442,                0.98311,                 1.0127,                0.83028,                0.92993,                0.93343,                0.65268,                  1.087,                0.88599,                0.98861,              0.0007459,              0.0007459,              0.0007459
                     79,                 1.6068,                  1.037,                 1.0267,                0.83028,                0.92993,                0.93343,                0.65268,                  1.087,                0.88599,                0.98861,              0.0007426,              0.0007426,              0.0007426
                     80,                 1.3202,                 1.0139,                 1.0237,                0.84239,                0.92015,                0.94908,                0.63814,                 1.0888,                0.88978,                 0.9939,              0.0007393,              0.0007393,              0.0007393
                     81,                  1.348,                0.98498,                 1.0199,                0.84239,                0.92015,                0.94908,                0.63814,                 1.0888,                0.88978,                 0.9939,               0.000736,               0.000736,               0.000736
                     82,                 1.3543,                0.97001,                0.99176,                0.86456,                0.93413,                0.95398,                0.66323,                 1.0827,                0.88215,                0.98823,              0.0007327,              0.0007327,              0.0007327
                     83,                  1.297,                 1.0416,                0.99651,                0.86456,                0.93413,                0.95398,                0.66323,                 1.0827,                0.88215,                0.98823,              0.0007294,              0.0007294,              0.0007294
                     84,                 1.3235,                0.96373,                 1.0035,                0.87715,                0.92853,                0.95544,                0.69595,                 1.0924,                0.85071,                0.98099,              0.0007261,              0.0007261,              0.0007261
                     85,                  1.402,                0.96304,                0.99591,                0.87715,                0.92853,                0.95544,                0.69595,                 1.0924,                0.85071,                0.98099,              0.0007228,              0.0007228,              0.0007228
                     86,                 1.2993,                0.96544,                  0.989,                0.87208,                0.88976,                0.94679,                0.68938,                  1.089,                0.82773,                0.97771,              0.0007195,              0.0007195,              0.0007195
                     87,                 1.2778,                0.93622,                0.98133,                0.87208,                0.88976,                0.94679,                0.68938,                  1.089,                0.82773,                0.97771,              0.0007162,              0.0007162,              0.0007162
                     88,                 1.3945,                0.93613,                0.98686,                0.91993,                0.88782,                0.95239,                0.69226,                 1.0983,                0.82473,                0.98874,              0.0007129,              0.0007129,              0.0007129
                     89,                 1.3579,                 1.0962,                0.98012,                0.91993,                0.88782,                0.95239,                0.69226,                 1.0983,                0.82473,                0.98874,              0.0007096,              0.0007096,              0.0007096
                     90,                 1.2518,                0.92392,                 1.0042,                0.92835,                0.88021,                0.94835,                0.71168,                 1.0702,                0.82704,                0.99549,              0.0007063,              0.0007063,              0.0007063
                     91,                 1.2385,                0.88885,                0.96501,                0.92835,                0.88021,                0.94835,                0.71168,                 1.0702,                0.82704,                0.99549,               0.000703,               0.000703,               0.000703
                     92,                 1.3108,                0.96976,                0.98148,                0.86903,                0.91709,                0.93625,                0.69476,                 1.0179,                0.85858,                0.98168,              0.0006997,              0.0006997,              0.0006997
                     93,                  1.257,                0.96035,                0.95164,                0.86903,                0.91709,                0.93625,                0.69476,                 1.0179,                0.85858,                0.98168,              0.0006964,              0.0006964,              0.0006964
                     94,                 1.1746,                0.91256,                 1.0014,                0.90207,                0.90957,                0.94255,                0.70715,                 0.9866,                0.88715,                0.95831,              0.0006931,              0.0006931,              0.0006931
                     95,                 1.3815,                 0.9019,                0.94677,                0.90207,                0.90957,                0.94255,                0.70715,                 0.9866,                0.88715,                0.95831,              0.0006898,              0.0006898,              0.0006898
                     96,                 1.2694,                0.89073,                0.95382,                0.90007,                0.91278,                0.94343,                0.70683,                0.96179,                0.88357,                0.95416,              0.0006865,              0.0006865,              0.0006865
                     97,                 1.7172,                 1.0211,                0.97162,                0.90007,                0.91278,                0.94343,                0.70683,                0.96179,                0.88357,                0.95416,              0.0006832,              0.0006832,              0.0006832
                     98,                 1.3154,                0.90382,                0.98521,                0.88613,                0.93436,                0.94302,                0.68966,                0.99846,                0.85964,                0.95272,              0.0006799,              0.0006799,              0.0006799
                     99,                 1.2976,                0.94131,                0.95637,                0.88613,                0.93436,                0.94302,                0.68966,                0.99846,                0.85964,                0.95272,              0.0006766,              0.0006766,              0.0006766
                    100,                 1.3328,                0.93034,                0.97836,                0.89673,                0.94319,                0.95072,                0.69306,                 1.0187,                0.80857,                0.96805,              0.0006733,              0.0006733,              0.0006733
                    101,                 1.2621,                0.87725,                0.95367,                0.89673,                0.94319,                0.95072,                0.69306,                 1.0187,                0.80857,                0.96805,                0.00067,                0.00067,                0.00067
                    102,                 1.3355,                0.99667,                 1.0117,                0.86505,                0.93865,                 0.9562,                0.70128,                 1.0107,                0.77569,                0.98463,              0.0006667,              0.0006667,              0.0006667
                    103,                 1.2263,                0.90426,                 1.0095,                0.86505,                0.93865,                 0.9562,                0.70128,                 1.0107,                0.77569,                0.98463,              0.0006634,              0.0006634,              0.0006634
                    104,                 1.1684,                0.86535,                0.99116,                0.84983,                0.96307,                0.96339,                0.70871,                 1.0065,                0.76862,                 0.9828,              0.0006601,              0.0006601,              0.0006601
                    105,                 1.2188,                0.91595,                0.95783,                0.84983,                0.96307,                0.96339,                0.70871,                 1.0065,                0.76862,                 0.9828,              0.0006568,              0.0006568,              0.0006568
                    106,                 1.2287,                0.93726,                 1.0057,                0.87296,                0.96081,                0.96611,                0.72551,                0.96152,                0.75154,                0.95918,              0.0006535,              0.0006535,              0.0006535
                    107,                 1.2345,                0.87426,                 0.9958,                0.87296,                0.96081,                0.96611,                0.72551,                0.96152,                0.75154,                0.95918,              0.0006502,              0.0006502,              0.0006502
                    108,                 1.2619,                0.84032,                0.95868,                 0.9035,                0.92932,                0.96462,                0.70181,                0.98119,                0.79175,                0.96335,              0.0006469,              0.0006469,              0.0006469
                    109,                 1.3682,                0.86924,                 1.0049,                 0.9035,                0.92932,                0.96462,                0.70181,                0.98119,                0.79175,                0.96335,              0.0006436,              0.0006436,              0.0006436
                    110,                 1.2829,                0.90454,                0.98747,                0.91332,                0.91466,                 0.9599,                0.65929,                 1.0324,                0.83626,                0.97485,              0.0006403,              0.0006403,              0.0006403
                    111,                 1.2295,                0.87475,                0.97572,                0.91332,                0.91466,                 0.9599,                0.65929,                 1.0324,                0.83626,                0.97485,               0.000637,               0.000637,               0.000637
                    112,                 1.1994,                0.89399,                0.97004,                0.91291,                 0.9277,                0.96327,                0.67936,                 1.0029,                0.81322,                0.98411,              0.0006337,              0.0006337,              0.0006337
                    113,                 1.1526,                0.82599,                0.95956,                0.91291,                 0.9277,                0.96327,                0.67936,                 1.0029,                0.81322,                0.98411,              0.0006304,              0.0006304,              0.0006304
                    114,                 1.1869,                0.83939,                 0.9898,                0.89932,                0.90965,                0.95877,                0.69733,                  1.052,                0.82115,                 1.0138,              0.0006271,              0.0006271,              0.0006271
                    115,                 1.3341,                 0.9091,                0.95904,                0.89932,                0.90965,                0.95877,                0.69733,                  1.052,                0.82115,                 1.0138,              0.0006238,              0.0006238,              0.0006238
                    116,                 1.2056,                0.84716,                0.97845,                0.84788,                0.96667,                0.95449,                0.69848,                 1.0467,                0.82638,                 1.0063,              0.0006205,              0.0006205,              0.0006205
                    117,                 1.2743,                0.86185,                0.96138,                0.84788,                0.96667,                0.95449,                0.69848,                 1.0467,                0.82638,                 1.0063,              0.0006172,              0.0006172,              0.0006172
                    118,                 1.4873,                0.97064,                 1.0019,                0.83715,                 0.9602,                0.95413,                 0.7063,                 1.0087,                0.82602,                0.97704,              0.0006139,              0.0006139,              0.0006139
                    119,                  1.247,                0.83321,                0.97318,                0.83715,                 0.9602,                0.95413,                 0.7063,                 1.0087,                0.82602,                0.97704,              0.0006106,              0.0006106,              0.0006106
                    120,                 1.0666,                0.80132,                0.95063,                0.91242,                 0.8936,                0.96226,                0.70874,                0.96648,                0.81691,                0.95802,              0.0006073,              0.0006073,              0.0006073
                    121,                 1.1563,                0.79522,                0.96678,                0.91242,                 0.8936,                0.96226,                0.70874,                0.96648,                0.81691,                0.95802,               0.000604,               0.000604,               0.000604
                    122,                 1.1747,                0.82364,                0.97569,                 0.8874,                0.94679,                0.96889,                0.70252,                 0.9757,                0.80811,                0.95779,              0.0006007,              0.0006007,              0.0006007
                    123,                 1.2527,                0.84787,                0.97137,                 0.8874,                0.94679,                0.96889,                0.70252,                 0.9757,                0.80811,                0.95779,              0.0005974,              0.0005974,              0.0005974
                    124,                 1.2814,                0.80748,                0.97261,                0.89346,                 0.9523,                0.96021,                0.72315,                0.96423,                0.76463,                0.96379,              0.0005941,              0.0005941,              0.0005941
                    125,                 1.1451,                0.79453,                0.97204,                0.89346,                 0.9523,                0.96021,                0.72315,                0.96423,                0.76463,                0.96379,              0.0005908,              0.0005908,              0.0005908
                    126,                 1.0834,                 0.7846,                0.96296,                0.90288,                0.96083,                0.96444,                0.73751,                 0.9765,                0.75176,                0.97142,              0.0005875,              0.0005875,              0.0005875
                    127,                 1.2314,                0.86949,                0.94951,                0.90288,                0.96083,                0.96444,                0.73751,                 0.9765,                0.75176,                0.97142,              0.0005842,              0.0005842,              0.0005842
                    128,                 1.1322,                0.79523,                0.95147,                0.89998,                0.95183,                0.96438,                0.73105,                0.97367,                0.75625,                0.96729,              0.0005809,              0.0005809,              0.0005809
                    129,                 1.1818,                0.80545,                0.98895,                0.89998,                0.95183,                0.96438,                0.73105,                0.97367,                0.75625,                0.96729,              0.0005776,              0.0005776,              0.0005776
                    130,                 1.2799,                0.93347,                 0.9615,                0.88766,                0.95584,                0.96571,                0.74293,                0.93784,                0.75085,                0.95497,              0.0005743,              0.0005743,              0.0005743
                    131,                 1.1652,                0.93113,                 1.0229,                0.88766,                0.95584,                0.96571,                0.74293,                0.93784,                0.75085,                0.95497,               0.000571,               0.000571,               0.000571
                    132,                 1.3678,                0.84173,                0.95185,                0.91991,                0.94888,                0.97167,                0.73792,                0.92889,                0.73929,                0.94825,              0.0005677,              0.0005677,              0.0005677
                    133,                   1.12,                0.76959,                0.96253,                0.91991,                0.94888,                0.97167,                0.73792,                0.92889,                0.73929,                0.94825,              0.0005644,              0.0005644,              0.0005644
                    134,                 1.1852,                0.77071,                0.94275,                0.96072,                0.94676,                0.98019,                0.72201,                0.92371,                0.72303,                0.95198,              0.0005611,              0.0005611,              0.0005611
                    135,                 1.1503,                0.80377,                0.96545,                0.96072,                0.94676,                0.98019,                0.72201,                0.92371,                0.72303,                0.95198,              0.0005578,              0.0005578,              0.0005578
                    136,                 1.2044,                0.81647,                0.96481,                0.96333,                0.95368,                0.97833,                0.73172,                0.90833,                0.69524,                0.95579,              0.0005545,              0.0005545,              0.0005545
                    137,                 1.0284,                0.75535,                0.94314,                0.96333,                0.95368,                0.97833,                0.73172,                0.90833,                0.69524,                0.95579,              0.0005512,              0.0005512,              0.0005512
                    138,                 1.0553,                0.75366,                0.96598,                0.94961,                0.95938,                0.97642,                0.76405,                0.86876,                0.66688,                0.95608,              0.0005479,              0.0005479,              0.0005479
                    139,                 1.1276,                0.84225,                0.98545,                0.94961,                0.95938,                0.97642,                0.76405,                0.86876,                0.66688,                0.95608,              0.0005446,              0.0005446,              0.0005446
                    140,                 1.1235,                0.94336,                0.98728,                0.89908,                0.96667,                0.96988,                0.76656,                0.89862,                0.71276,                0.95455,              0.0005413,              0.0005413,              0.0005413
                    141,                 1.2075,                0.81412,                0.93814,                0.89908,                0.96667,                0.96988,                0.76656,                0.89862,                0.71276,                0.95455,               0.000538,               0.000538,               0.000538
                    142,                 1.0908,                0.77367,                0.94085,                0.90994,                0.94392,                0.97563,                0.77223,                 0.9068,                0.77498,                  0.948,              0.0005347,              0.0005347,              0.0005347
                    143,                 1.1072,                0.73586,                0.93486,                0.90994,                0.94392,                0.97563,                0.77223,                 0.9068,                0.77498,                  0.948,              0.0005314,              0.0005314,              0.0005314
                    144,                 1.0491,                0.75003,                0.93366,                0.85741,                0.96547,                 0.9825,                0.76536,                0.91172,                 0.7868,                0.94462,              0.0005281,              0.0005281,              0.0005281
                    145,                 1.2534,                 0.8151,                 0.9401,                0.85741,                0.96547,                 0.9825,                0.76536,                0.91172,                 0.7868,                0.94462,              0.0005248,              0.0005248,              0.0005248
                    146,                 1.1457,                0.82725,                0.93456,                 0.8794,                0.94952,                0.96956,                0.77122,                0.90457,                0.75123,                0.94191,              0.0005215,              0.0005215,              0.0005215
                    147,                 1.0106,                0.77902,                0.99101,                 0.8794,                0.94952,                0.96956,                0.77122,                0.90457,                0.75123,                0.94191,              0.0005182,              0.0005182,              0.0005182
                    148,                 1.0459,                0.71429,                 0.9641,                0.90277,                0.94988,                0.96821,                0.77553,                0.88817,                0.72554,                0.93531,              0.0005149,              0.0005149,              0.0005149
                    149,                 1.0648,                0.74596,                0.94654,                0.90277,                0.94988,                0.96821,                0.77553,                0.88817,                0.72554,                0.93531,              0.0005116,              0.0005116,              0.0005116
                    150,                 1.0968,                 0.7668,                0.96747,                0.93234,                0.94281,                0.98041,                 0.7798,                0.90317,                0.75169,                0.94128,              0.0005083,              0.0005083,              0.0005083
                    151,                0.99098,                0.73389,                0.93119,                0.93234,                0.94281,                0.98041,                 0.7798,                0.90317,                0.75169,                0.94128,               0.000505,               0.000505,               0.000505
                    152,                 1.1425,                0.75352,                0.93562,                0.94323,                0.94864,                0.98788,                 0.7798,                 0.9027,                0.78481,                0.94957,              0.0005017,              0.0005017,              0.0005017
                    153,                 1.1336,                0.78653,                0.94278,                0.94323,                0.94864,                0.98788,                 0.7798,                 0.9027,                0.78481,                0.94957,              0.0004984,              0.0004984,              0.0004984
                    154,                 1.0963,                0.74548,                0.97087,                0.93253,                0.95306,                0.98126,                0.79413,                0.88655,                0.78501,                0.95471,              0.0004951,              0.0004951,              0.0004951
                    155,                 1.0243,                0.70349,                0.93412,                0.93253,                0.95306,                0.98126,                0.79413,                0.88655,                0.78501,                0.95471,              0.0004918,              0.0004918,              0.0004918
                    156,                   1.02,                0.69024,                0.93512,                0.94057,                0.95306,                 0.9843,                0.78026,                0.88307,                0.73752,                0.94575,              0.0004885,              0.0004885,              0.0004885
                    157,                 1.0922,                0.75591,                0.93522,                0.94057,                0.95306,                 0.9843,                0.78026,                0.88307,                0.73752,                0.94575,              0.0004852,              0.0004852,              0.0004852
                    158,                 1.0156,                0.71109,                0.94384,                0.96141,                0.95069,                  0.989,                0.78849,                0.89305,                0.68354,                0.94338,              0.0004819,              0.0004819,              0.0004819
                    159,                 1.1159,                0.73779,                0.93337,                0.96141,                0.95069,                  0.989,                0.78849,                0.89305,                0.68354,                0.94338,              0.0004786,              0.0004786,              0.0004786
                    160,                 1.1179,                0.72369,                0.98589,                 0.9396,                0.93653,                0.98096,                0.77955,                0.90195,                 0.6675,                0.94655,              0.0004753,              0.0004753,              0.0004753
                    161,                 1.3064,                0.79026,                0.95173,                 0.9396,                0.93653,                0.98096,                0.77955,                0.90195,                 0.6675,                0.94655,               0.000472,               0.000472,               0.000472
                    162,                 1.0254,                0.71816,                0.92359,                0.91477,                0.93354,                0.97789,                0.76424,                0.88711,                0.65826,                0.94875,              0.0004687,              0.0004687,              0.0004687
                    163,                 1.1072,                0.73517,                0.95845,                0.91477,                0.93354,                0.97789,                0.76424,                0.88711,                0.65826,                0.94875,              0.0004654,              0.0004654,              0.0004654
                    164,                 1.0768,                0.75721,                0.93179,                0.89415,                0.92556,                 0.9776,                0.76974,                0.86547,                0.65408,                0.94418,              0.0004621,              0.0004621,              0.0004621
                    165,                 1.0816,                0.74277,                0.93645,                0.89415,                0.92556,                 0.9776,                0.76974,                0.86547,                0.65408,                0.94418,              0.0004588,              0.0004588,              0.0004588
                    166,                 1.0049,                0.68804,                0.97144,                0.94559,                 0.9363,                0.97801,                0.76712,                 0.8756,                0.64866,                0.92991,              0.0004555,              0.0004555,              0.0004555
                    167,                 1.0633,                0.70086,                 0.9424,                0.94559,                 0.9363,                0.97801,                0.76712,                 0.8756,                0.64866,                0.92991,              0.0004522,              0.0004522,              0.0004522
                    168,                 1.0946,                0.74029,                0.96707,                0.94804,                0.95271,                 0.9782,                 0.7515,                0.89029,                 0.6613,                0.92399,              0.0004489,              0.0004489,              0.0004489
                    169,                 1.1353,                0.72199,                0.92308,                0.94804,                0.95271,                 0.9782,                 0.7515,                0.89029,                 0.6613,                0.92399,              0.0004456,              0.0004456,              0.0004456
                    170,                 1.0282,                 0.9497,                0.93297,                 0.9616,                0.95009,                 0.9782,                0.75055,                0.89111,                0.67291,                 0.9258,              0.0004423,              0.0004423,              0.0004423
                    171,                0.94099,                0.69679,                0.93392,                 0.9616,                0.95009,                 0.9782,                0.75055,                0.89111,                0.67291,                 0.9258,               0.000439,               0.000439,               0.000439
                    172,                0.98818,                0.67889,                 0.9326,                0.96598,                 0.9573,                0.98534,                 0.7812,                0.87925,                  0.674,                0.93527,              0.0004357,              0.0004357,              0.0004357
                    173,                 1.0587,                0.72124,                0.90867,                0.96598,                 0.9573,                0.98534,                 0.7812,                0.87925,                  0.674,                0.93527,              0.0004324,              0.0004324,              0.0004324
                    174,                 1.0985,                0.75993,                0.92069,                0.96198,                0.96156,                0.99474,                 0.8014,                0.89454,                0.67277,                0.94266,              0.0004291,              0.0004291,              0.0004291
                    175,                 1.0177,                0.70851,                0.94065,                0.96198,                0.96156,                0.99474,                 0.8014,                0.89454,                0.67277,                0.94266,              0.0004258,              0.0004258,              0.0004258
                    176,                 1.0881,                  0.702,                0.95584,                0.95966,                0.96578,                0.99474,                0.82089,                0.86944,                0.64606,                0.93901,              0.0004225,              0.0004225,              0.0004225
                    177,                  1.165,                0.74044,                0.93942,                0.95966,                0.96578,                0.99474,                0.82089,                0.86944,                0.64606,                0.93901,              0.0004192,              0.0004192,              0.0004192
                    178,                 1.1185,                 0.7176,                0.93495,                 0.9461,                 0.9678,                0.99481,                 0.8247,                0.85135,                0.62372,                0.93174,              0.0004159,              0.0004159,              0.0004159
                    179,                 1.0312,                 0.6802,                0.92492,                 0.9461,                 0.9678,                0.99481,                 0.8247,                0.85135,                0.62372,                0.93174,              0.0004126,              0.0004126,              0.0004126
                    180,                 1.0002,                0.68284,                0.94638,                 0.9479,                0.96761,                0.99475,                0.81228,                0.84963,                 0.6093,                 0.9306,              0.0004093,              0.0004093,              0.0004093
                    181,                 1.0144,                0.68192,                0.94678,                 0.9479,                0.96761,                0.99475,                0.81228,                0.84963,                 0.6093,                 0.9306,               0.000406,               0.000406,               0.000406
                    182,                 1.0442,                0.69682,                0.93257,                0.95691,                0.96729,                0.99487,                0.80954,                 0.8454,                0.60771,                0.92953,              0.0004027,              0.0004027,              0.0004027
                    183,                 1.2377,                0.80831,                0.94893,                0.95691,                0.96729,                0.99487,                0.80954,                 0.8454,                0.60771,                0.92953,              0.0003994,              0.0003994,              0.0003994
                    184,                0.96507,                0.72006,                0.91761,                0.97037,                0.96399,                0.99474,                0.79394,                0.85054,                0.60343,                0.93204,              0.0003961,              0.0003961,              0.0003961
                    185,                 1.1395,                0.75109,                0.92277,                0.97037,                0.96399,                0.99474,                0.79394,                0.85054,                0.60343,                0.93204,              0.0003928,              0.0003928,              0.0003928
                    186,                 1.2083,                0.76426,                0.95736,                0.95714,                0.98225,                 0.9945,                0.79564,                0.86072,                0.63334,                0.93596,              0.0003895,              0.0003895,              0.0003895
                    187,                 1.0247,                0.71757,                 0.9155,                0.95714,                0.98225,                 0.9945,                0.79564,                0.86072,                0.63334,                0.93596,              0.0003862,              0.0003862,              0.0003862
                    188,                 1.0148,                0.67501,                0.93454,                0.95593,                0.98175,                0.99426,                0.80191,                0.86308,                 0.6522,                0.93908,              0.0003829,              0.0003829,              0.0003829
                    189,                 1.0111,                0.68701,                0.90405,                0.95593,                0.98175,                0.99426,                0.80191,                0.86308,                 0.6522,                0.93908,              0.0003796,              0.0003796,              0.0003796
                    190,                 1.0327,                0.70418,                 0.9176,                0.96805,                0.97007,                0.99362,                0.81441,                0.85657,                0.65389,                0.93588,              0.0003763,              0.0003763,              0.0003763
                    191,                 1.0947,                0.77283,                0.93843,                0.96805,                0.97007,                0.99362,                0.81441,                0.85657,                0.65389,                0.93588,               0.000373,               0.000373,               0.000373
                    192,                   1.16,                0.71069,                 0.9632,                0.97828,                0.96926,                0.99341,                0.80569,                0.85146,                0.63629,                0.93701,              0.0003697,              0.0003697,              0.0003697
                    193,                 1.2757,                0.82155,                0.94629,                0.97828,                0.96926,                0.99341,                0.80569,                0.85146,                0.63629,                0.93701,              0.0003664,              0.0003664,              0.0003664
                    194,                 1.0053,                 0.7227,                0.94163,                0.97334,                0.98145,                0.99315,                0.77609,                 0.8407,                0.61717,                0.93188,              0.0003631,              0.0003631,              0.0003631
                    195,                  1.047,                0.66882,                0.91784,                0.97334,                0.98145,                0.99315,                0.77609,                 0.8407,                0.61717,                0.93188,              0.0003598,              0.0003598,              0.0003598
                    196,                0.99363,                0.67172,                0.91644,                0.96926,                0.98659,                0.99362,                0.80445,                0.83652,                 0.5921,                0.92734,              0.0003565,              0.0003565,              0.0003565
                    197,                 1.0329,                0.70528,                0.91331,                0.96926,                0.98659,                0.99362,                0.80445,                0.83652,                 0.5921,                0.92734,              0.0003532,              0.0003532,              0.0003532
                    198,                 1.0071,                0.69701,                0.93828,                0.96914,                0.98752,                0.99413,                0.80436,                0.82705,                 0.5888,                0.93015,              0.0003499,              0.0003499,              0.0003499
                    199,                0.97258,                0.68167,                0.91608,                0.96914,                0.98752,                0.99413,                0.80436,                0.82705,                 0.5888,                0.93015,              0.0003466,              0.0003466,              0.0003466
                    200,                0.94861,                0.64975,                0.90744,                0.97138,                0.98661,                0.99446,                0.79487,                0.84269,                0.60507,                0.93442,              0.0003433,              0.0003433,              0.0003433
                    201,                0.96809,                0.65193,                0.93798,                0.97138,                0.98661,                0.99446,                0.79487,                0.84269,                0.60507,                0.93442,                0.00034,                0.00034,                0.00034
                    202,                 1.0383,                0.66306,                0.91466,                0.97587,                0.98534,                0.99453,                 0.7974,                0.85612,                0.60373,                 0.9321,              0.0003367,              0.0003367,              0.0003367
                    203,                 0.9601,                0.65874,                0.91175,                0.97587,                0.98534,                0.99453,                 0.7974,                0.85612,                0.60373,                 0.9321,              0.0003334,              0.0003334,              0.0003334
                    204,                 1.0179,                0.72404,                0.90938,                0.98204,                0.99051,                0.99493,                0.81308,                0.86256,                0.59365,                0.92657,              0.0003301,              0.0003301,              0.0003301
                    205,                 1.0285,                0.68991,                0.94782,                0.98204,                0.99051,                0.99493,                0.81308,                0.86256,                0.59365,                0.92657,              0.0003268,              0.0003268,              0.0003268
                    206,                 1.0746,                0.69314,                0.93242,                0.98428,                0.99089,                0.99493,                 0.8114,                0.86263,                0.59041,                0.91964,              0.0003235,              0.0003235,              0.0003235
                    207,                 1.0894,                0.68091,                0.93284,                0.98428,                0.99089,                0.99493,                 0.8114,                0.86263,                0.59041,                0.91964,              0.0003202,              0.0003202,              0.0003202
                    208,                 1.1259,                0.71028,                0.92868,                0.97831,                0.99391,                  0.995,                0.81385,                0.82914,                0.59472,                0.91954,              0.0003169,              0.0003169,              0.0003169
                    209,                0.96612,                0.66105,                0.92862,                0.97831,                0.99391,                  0.995,                0.81385,                0.82914,                0.59472,                0.91954,              0.0003136,              0.0003136,              0.0003136
                    210,                 1.1827,                0.80656,                 1.0185,                0.97679,                0.99373,                0.99481,                0.82394,                0.80677,                0.59682,                0.92274,              0.0003103,              0.0003103,              0.0003103
                    211,                 1.0381,                0.68576,                0.90716,                0.97679,                0.99373,                0.99481,                0.82394,                0.80677,                0.59682,                0.92274,               0.000307,               0.000307,               0.000307
                    212,                0.93685,                0.63685,                0.92815,                 0.9668,                  0.988,                0.99475,                0.80535,                0.83051,                0.60083,                0.92505,              0.0003037,              0.0003037,              0.0003037
                    213,                0.93167,                0.64437,                 0.9119,                 0.9668,                  0.988,                0.99475,                0.80535,                0.83051,                0.60083,                0.92505,              0.0003004,              0.0003004,              0.0003004
                    214,                0.96818,                0.68347,                  0.916,                0.96792,                0.97896,                0.99468,                0.82457,                0.82946,                0.59388,                0.92226,              0.0002971,              0.0002971,              0.0002971
                    215,                0.91024,                 0.6325,                0.91594,                0.96792,                0.97896,                0.99468,                0.82457,                0.82946,                0.59388,                0.92226,              0.0002938,              0.0002938,              0.0002938
                    216,                  1.075,                0.68826,                0.94248,                0.96937,                 0.9737,                0.99462,                0.82473,                0.79573,                0.57147,                0.91952,              0.0002905,              0.0002905,              0.0002905
                    217,                  1.009,                0.66348,                0.93792,                0.96937,                 0.9737,                0.99462,                0.82473,                0.79573,                0.57147,                0.91952,              0.0002872,              0.0002872,              0.0002872
                    218,                 0.9908,                0.61902,                0.91421,                0.97656,                0.97195,                0.99469,                0.81895,                0.81089,                 0.5653,                0.91823,              0.0002839,              0.0002839,              0.0002839
                    219,                0.94356,                0.65568,                0.90744,                0.97656,                0.97195,                0.99469,                0.81895,                0.81089,                 0.5653,                0.91823,              0.0002806,              0.0002806,              0.0002806
                    220,                 1.1128,                0.79169,                 0.9427,                0.97869,                0.97303,                0.99469,                0.80995,                0.82657,                0.56165,                0.92103,              0.0002773,              0.0002773,              0.0002773
                    221,                0.97024,                0.65044,                 0.9136,                0.97869,                0.97303,                0.99469,                0.80995,                0.82657,                0.56165,                0.92103,               0.000274,               0.000274,               0.000274
                    222,                0.97145,                0.63715,                0.92867,                0.98188,                0.97362,                0.99469,                0.82502,                0.81218,                0.55675,                0.92269,              0.0002707,              0.0002707,              0.0002707
                    223,                0.90767,                0.61632,                0.90225,                0.98188,                0.97362,                0.99469,                0.82502,                0.81218,                0.55675,                0.92269,              0.0002674,              0.0002674,              0.0002674
                    224,                0.99491,                0.64626,                0.91436,                0.98472,                0.97514,                0.99469,                 0.8235,                 0.8196,                0.55364,                 0.9275,              0.0002641,              0.0002641,              0.0002641
                    225,                0.99479,                0.68896,                0.93399,                0.98472,                0.97514,                0.99469,                 0.8235,                 0.8196,                0.55364,                 0.9275,              0.0002608,              0.0002608,              0.0002608
                    226,                  0.954,                0.72879,                0.92073,                0.98406,                 0.9783,                0.99469,                0.81525,                0.82908,                0.55908,                 0.9284,              0.0002575,              0.0002575,              0.0002575
                    227,                0.96802,                0.67094,                0.92611,                0.98406,                 0.9783,                0.99469,                0.81525,                0.82908,                0.55908,                 0.9284,              0.0002542,              0.0002542,              0.0002542
                    228,                0.91507,                0.60431,                0.89331,                0.98503,                0.97777,                0.99469,                0.82349,                0.83226,                0.56331,                0.92598,              0.0002509,              0.0002509,              0.0002509
                    229,                 1.0102,                  0.636,                0.89361,                0.98503,                0.97777,                0.99469,                0.82349,                0.83226,                0.56331,                0.92598,              0.0002476,              0.0002476,              0.0002476
                    230,                 1.0247,                0.66858,                0.90751,                0.98392,                0.97834,                0.99469,                0.81191,                0.84086,                 0.5723,                 0.9232,              0.0002443,              0.0002443,              0.0002443
                    231,                 1.1297,                0.69224,                0.91494,                0.98392,                0.97834,                0.99469,                0.81191,                0.84086,                 0.5723,                 0.9232,               0.000241,               0.000241,               0.000241
                    232,                  1.224,                0.72984,                0.92734,                0.98305,                 0.9781,                0.99469,                0.81085,                0.83717,                0.57192,                0.92117,              0.0002377,              0.0002377,              0.0002377
                    233,                0.94835,                 0.6208,                0.90933,                0.98305,                 0.9781,                0.99469,                0.81085,                0.83717,                0.57192,                0.92117,              0.0002344,              0.0002344,              0.0002344
                    234,                0.87845,                 0.6324,                0.91828,                0.98127,                0.98122,                0.99475,                  0.825,                0.82559,                0.56473,                0.91992,              0.0002311,              0.0002311,              0.0002311
                    235,                 1.0148,                0.64696,                0.89691,                0.98127,                0.98122,                0.99475,                  0.825,                0.82559,                0.56473,                0.91992,              0.0002278,              0.0002278,              0.0002278
                    236,                 1.0308,                0.68568,                0.94855,                0.97925,                0.98789,                0.99475,                0.82299,                0.81587,                0.55937,                0.92239,              0.0002245,              0.0002245,              0.0002245
                    237,                 1.0481,                0.66869,                0.92153,                0.97925,                0.98789,                0.99475,                0.82299,                0.81587,                0.55937,                0.92239,              0.0002212,              0.0002212,              0.0002212
                    238,                 1.0083,                 0.6613,                0.91204,                0.96634,                0.99662,                0.99474,                0.82547,                0.80579,                0.55462,                0.92183,              0.0002179,              0.0002179,              0.0002179
                    239,                 1.0157,                0.64155,                0.90121,                0.96634,                0.99662,                0.99474,                0.82547,                0.80579,                0.55462,                0.92183,              0.0002146,              0.0002146,              0.0002146
                    240,                 1.0425,                0.64127,                0.91747,                0.95861,                0.99766,                0.99474,                0.82817,                0.79535,                0.55245,                0.92061,              0.0002113,              0.0002113,              0.0002113
                    241,                0.98599,                0.62907,                0.90429,                0.95861,                0.99766,                0.99474,                0.82817,                0.79535,                0.55245,                0.92061,               0.000208,               0.000208,               0.000208
                    242,                0.87043,                0.65258,                0.91043,                0.95575,                0.99612,                0.99481,                0.82172,                0.79176,                0.54709,                0.91948,              0.0002047,              0.0002047,              0.0002047
                    243,                0.90625,                0.61998,                0.92136,                0.95575,                0.99612,                0.99481,                0.82172,                0.79176,                0.54709,                0.91948,              0.0002014,              0.0002014,              0.0002014
                    244,                0.89509,                0.71573,                0.93586,                0.95828,                0.98965,                0.99481,                0.81755,                 0.7854,                 0.5489,                0.91512,              0.0001981,              0.0001981,              0.0001981
                    245,                0.88944,                0.60285,                0.91604,                0.95828,                0.98965,                0.99481,                0.81755,                 0.7854,                 0.5489,                0.91512,              0.0001948,              0.0001948,              0.0001948
                    246,                0.90762,                0.66363,                0.93035,                 0.9624,                0.98955,                0.99481,                0.81822,                0.78611,                0.54352,                0.91526,              0.0001915,              0.0001915,              0.0001915
                    247,                0.85924,                0.58774,                0.89532,                 0.9624,                0.98955,                0.99481,                0.81822,                0.78611,                0.54352,                0.91526,              0.0001882,              0.0001882,              0.0001882
                    248,                 0.8576,                0.57968,                0.91869,                0.96659,                0.99256,                0.99481,                0.80886,                0.79687,                0.54195,                0.91423,              0.0001849,              0.0001849,              0.0001849
                    249,                 1.1622,                 0.6591,                0.89934,                0.96659,                0.99256,                0.99481,                0.80886,                0.79687,                0.54195,                0.91423,              0.0001816,              0.0001816,              0.0001816
                    250,                0.91775,                0.60064,                0.90635,                0.96972,                0.99289,                0.99481,                0.80809,                0.81821,                0.54643,                0.91182,              0.0001783,              0.0001783,              0.0001783
                    251,                 1.0917,                0.68335,                0.93756,                0.96972,                0.99289,                0.99481,                0.80809,                0.81821,                0.54643,                0.91182,               0.000175,               0.000175,               0.000175
                    252,                0.90755,                0.59239,                 0.9153,                0.97381,                0.99063,                0.99481,                0.80173,                0.81699,                0.55024,                0.91135,              0.0001717,              0.0001717,              0.0001717
                    253,                0.95713,                0.68408,                0.90514,                0.97381,                0.99063,                0.99481,                0.80173,                0.81699,                0.55024,                0.91135,              0.0001684,              0.0001684,              0.0001684
                    254,                0.93335,                0.62584,                0.90046,                0.97637,                0.98939,                0.99481,                 0.8349,                0.81657,                0.55245,                0.91471,              0.0001651,              0.0001651,              0.0001651
                    255,                0.92053,                0.58986,                0.89596,                0.97637,                0.98939,                0.99481,                 0.8349,                0.81657,                0.55245,                0.91471,              0.0001618,              0.0001618,              0.0001618
                    256,                0.93233,                0.62576,                0.94144,                0.97587,                0.98659,                0.99481,                0.82953,                0.80902,                0.55108,                0.91968,              0.0001585,              0.0001585,              0.0001585
                    257,                0.89466,                0.61709,                0.89262,                0.97587,                0.98659,                0.99481,                0.82953,                0.80902,                0.55108,                0.91968,              0.0001552,              0.0001552,              0.0001552
                    258,                0.95769,                0.64447,                0.89902,                0.97363,                0.98233,                0.99481,                0.82666,                0.81075,                0.54845,                0.92131,              0.0001519,              0.0001519,              0.0001519
                    259,                0.90212,                 0.6563,                0.90515,                0.97363,                0.98233,                0.99481,                0.82666,                0.81075,                0.54845,                0.92131,              0.0001486,              0.0001486,              0.0001486
                    260,                 1.0097,                0.63269,                0.91568,                  0.974,                0.97779,                0.99481,                0.82942,                0.80661,                0.55213,                 0.9221,              0.0001453,              0.0001453,              0.0001453
                    261,                0.96828,                0.62767,                0.92019,                  0.974,                0.97779,                0.99481,                0.82942,                0.80661,                0.55213,                 0.9221,               0.000142,               0.000142,               0.000142
                    262,                0.95256,                0.61535,                0.90769,                0.97713,                 0.9759,                0.99481,                0.82883,                0.80557,                0.55194,                0.92345,              0.0001387,              0.0001387,              0.0001387
                    263,                0.91743,                  0.607,                0.90427,                0.97713,                 0.9759,                0.99481,                0.82883,                0.80557,                0.55194,                0.92345,              0.0001354,              0.0001354,              0.0001354
                    264,                0.94772,                0.61937,                0.91157,                0.97749,                0.97837,                0.99468,                0.83692,                0.80031,                0.53804,                0.91932,              0.0001321,              0.0001321,              0.0001321
                    265,                0.94438,                0.61172,                0.92082,                0.97749,                0.97837,                0.99468,                0.83692,                0.80031,                0.53804,                0.91932,              0.0001288,              0.0001288,              0.0001288
                    266,                0.89528,                0.60536,                0.91836,                0.97793,                0.97776,                0.99468,                 0.8308,                0.79793,                0.54153,                  0.916,              0.0001255,              0.0001255,              0.0001255
                    267,                0.89235,                  0.624,                0.92115,                0.97793,                0.97776,                0.99468,                 0.8308,                0.79793,                0.54153,                  0.916,              0.0001222,              0.0001222,              0.0001222
                    268,                0.97476,                0.61272,                0.89051,                0.97724,                0.98039,                0.99474,                0.83172,                0.79434,                0.54182,                0.91134,              0.0001189,              0.0001189,              0.0001189
                    269,                0.84233,                0.60512,                 0.9302,                0.97724,                0.98039,                0.99474,                0.83172,                0.79434,                0.54182,                0.91134,              0.0001156,              0.0001156,              0.0001156
                    270,                 1.0265,                0.66526,                0.88202,                0.97593,                0.98622,                0.99474,                   0.83,                0.79387,                0.54393,                0.91034,              0.0001123,              0.0001123,              0.0001123
                    271,                  0.871,                0.59365,                0.90006,                0.97593,                0.98622,                0.99474,                   0.83,                0.79387,                0.54393,                0.91034,               0.000109,               0.000109,               0.000109
                    272,                0.85989,                0.64603,                0.88494,                0.97504,                0.99353,                0.99474,                0.83354,                0.78808,                0.53884,                0.90932,              0.0001057,              0.0001057,              0.0001057
                    273,                0.96847,                0.61485,                0.88825,                0.97504,                0.99353,                0.99474,                0.83354,                0.78808,                0.53884,                0.90932,              0.0001024,              0.0001024,              0.0001024
                    274,                 1.1058,                0.65618,                0.89961,                 0.9746,                0.98456,                0.99467,                0.81897,                0.78213,                0.53588,                0.90871,               9.91e-05,               9.91e-05,               9.91e-05
                    275,                0.89695,                 0.5884,                0.88918,                 0.9746,                0.98456,                0.99467,                0.81897,                0.78213,                0.53588,                0.90871,               9.58e-05,               9.58e-05,               9.58e-05
                    276,                 0.9393,                0.64146,                0.90896,                0.98269,                0.97485,                0.99455,                0.82218,                0.78243,                0.53857,                0.90987,               9.25e-05,               9.25e-05,               9.25e-05
                    277,                0.91605,                0.59946,                0.91256,                0.98269,                0.97485,                0.99455,                0.82218,                0.78243,                0.53857,                0.90987,               8.92e-05,               8.92e-05,               8.92e-05
                    278,                 1.0026,                0.62755,                0.89353,                0.97918,                 0.9755,                0.99455,                0.82233,                0.79487,                0.53928,                0.91378,               8.59e-05,               8.59e-05,               8.59e-05
                    279,                0.92567,                0.64162,                0.90325,                0.97918,                 0.9755,                0.99455,                0.82233,                0.79487,                0.53928,                0.91378,               8.26e-05,               8.26e-05,               8.26e-05
                    280,                0.96102,                 0.6252,                0.90561,                0.97477,                0.97723,                0.99455,                 0.8143,                0.80599,                0.54303,                0.91933,               7.93e-05,               7.93e-05,               7.93e-05
                    281,                0.97198,                0.63572,                0.89572,                0.97477,                0.97723,                0.99455,                 0.8143,                0.80599,                0.54303,                0.91933,                7.6e-05,                7.6e-05,                7.6e-05
                    282,                0.90739,                0.60445,                0.89179,                0.96462,                0.98835,                0.99448,                 0.8097,                0.80528,                0.54146,                0.92126,               7.27e-05,               7.27e-05,               7.27e-05
                    283,                  1.011,                0.63938,                0.90766,                0.96462,                0.98835,                0.99448,                 0.8097,                0.80528,                0.54146,                0.92126,               6.94e-05,               6.94e-05,               6.94e-05
                    284,                0.93474,                0.64664,                 0.9206,                0.96503,                0.99236,                0.99448,                 0.8233,                0.80171,                0.53871,                0.92051,               6.61e-05,               6.61e-05,               6.61e-05
                    285,                 1.1097,                0.69932,                0.91825,                0.96503,                0.99236,                0.99448,                 0.8233,                0.80171,                0.53871,                0.92051,               6.28e-05,               6.28e-05,               6.28e-05
                    286,                0.95645,                 0.6377,                0.94445,                0.96461,                0.99343,                0.99448,                0.82607,                0.79884,                0.53693,                 0.9179,               5.95e-05,               5.95e-05,               5.95e-05
                    287,                 0.9001,                0.59676,                0.90581,                0.96461,                0.99343,                0.99448,                0.82607,                0.79884,                0.53693,                 0.9179,               5.62e-05,               5.62e-05,               5.62e-05
                    288,                0.92147,                0.62237,                0.90816,                0.96918,                 0.9849,                0.99474,                0.82734,                0.79003,                0.53198,                0.91485,               5.29e-05,               5.29e-05,               5.29e-05
                    289,                  1.119,                0.65584,                0.91164,                0.96918,                 0.9849,                0.99474,                0.82734,                0.79003,                0.53198,                0.91485,               4.96e-05,               4.96e-05,               4.96e-05
                    290,                0.89897,                0.62087,                0.92703,                0.97234,                0.97875,                0.99474,                0.82954,                0.78214,                 0.5317,                 0.9121,               4.63e-05,               4.63e-05,               4.63e-05
                    291,                0.90954,                0.83017,                0.91779,                0.97234,                0.97875,                0.99474,                0.82954,                0.78214,                 0.5317,                 0.9121,                4.3e-05,                4.3e-05,                4.3e-05
                    292,                0.92365,                0.74645,                0.91531,                0.97309,                0.97755,                0.99474,                0.83901,                0.78214,                0.53438,                0.91068,               3.97e-05,               3.97e-05,               3.97e-05
                    293,                0.87762,                0.68321,                0.90544,                0.97309,                0.97755,                0.99474,                0.83901,                0.78214,                0.53438,                0.91068,               3.64e-05,               3.64e-05,               3.64e-05
                    294,                0.85589,                0.65514,                0.93578,                0.96926,                0.97873,                0.99467,                 0.8394,                0.78262,                0.53133,                0.91106,               3.31e-05,               3.31e-05,               3.31e-05
                    295,                0.84407,                0.63865,                0.89782,                0.96926,                0.97873,                0.99467,                 0.8394,                0.78262,                0.53133,                0.91106,               2.98e-05,               2.98e-05,               2.98e-05
                    296,                 0.8962,                0.66249,                0.90845,                0.96834,                 0.9804,                0.99467,                0.83858,                0.78353,                0.53059,                0.90978,               2.65e-05,               2.65e-05,               2.65e-05
                    297,                 1.0786,                0.80676,                0.90687,                0.96834,                 0.9804,                0.99467,                0.83858,                0.78353,                0.53059,                0.90978,               2.32e-05,               2.32e-05,               2.32e-05
                    298,                0.92659,                0.65801,                0.92019,                0.96622,                0.98387,                0.99454,                0.83766,                0.78313,                0.53325,                0.90976,               1.99e-05,               1.99e-05,               1.99e-05
                    299,                 0.8725,                0.67792,                0.90537,                0.96622,                0.98387,                0.99454,                0.83766,                0.78313,                0.53325,                0.90976,               1.66e-05,               1.66e-05,               1.66e-05
                    300,                  1.011,                0.73699,                0.92531,                0.96553,                0.98703,                0.99455,                0.83895,                0.78136,                 0.5389,                0.90853,               1.33e-05,               1.33e-05,               1.33e-05
