                  epoch,         train/box_loss,         train/cls_loss,         train/dfl_loss,   metrics/precision(B),      metrics/recall(B),       metrics/mAP50(B),    metrics/mAP50-95(B),           val/box_loss,           val/cls_loss,           val/dfl_loss,                 lr/pg0,                 lr/pg1,                 lr/pg2
                      1,                 5.7798,                  4.887,                 4.3633,                      0,                      0,                      0,                      0,                 4.4784,                 4.5325,                  2.877,                  1e-05,                  1e-05,                  1e-05
                      2,                 5.6112,                 4.7901,                 4.0276,                      0,                      0,                      0,                      0,                 4.4486,                 4.5251,                 2.8714,             2.9901e-05,             2.9901e-05,             2.9901e-05
                      3,                 5.7861,                 4.8052,                 4.0689,                      0,                      0,                      0,                      0,                 4.4346,                  4.497,                 2.8778,              4.967e-05,              4.967e-05,              4.967e-05
                      4,                 5.4278,                 4.7721,                 4.0854,                      0,                      0,                      0,                      0,                 4.1669,                 4.4655,                 2.6898,             6.9307e-05,             6.9307e-05,             6.9307e-05
                      5,                 5.6331,                 4.7302,                 3.9251,                      0,                      0,                      0,                      0,                 3.8721,                 4.4248,                   2.47,             8.8812e-05,             8.8812e-05,             8.8812e-05
                      6,                 5.2229,                 4.6401,                 3.3509,                      0,                      0,                      0,                      0,                 3.3948,                 4.3466,                  2.107,             0.00010818,             0.00010818,             0.00010818
                      7,                 4.3877,                  4.498,                 2.6041,                      0,                      0,                      0,                      0,                 3.2703,                 4.2549,                 1.9946,             0.00012743,             0.00012743,             0.00012743
                      8,                 4.1475,                 4.3375,                 2.3052,                      0,                      0,                      0,                      0,                 3.5272,                 4.1766,                 2.1159,             0.00014653,             0.00014653,             0.00014653
                      9,                 3.5526,                 4.1436,                 2.0117,                      0,                      0,                      0,                      0,                 3.9167,                 4.1471,                 2.1338,             0.00016551,             0.00016551,             0.00016551
                     10,                 3.3841,                 3.9186,                 2.0454,                      0,                      0,                      0,                      0,                 4.0567,                 4.1634,                 2.0943,             0.00018436,             0.00018436,             0.00018436
                     11,                 3.2229,                 3.7607,                 1.9102,                0.00154,                0.04014,                0.01009,                 0.0021,                 3.7368,                 4.1475,                 1.9514,             0.00020307,             0.00020307,             0.00020307
                     12,                 3.0264,                 3.5734,                 1.9156,                0.00584,                0.08367,                0.00948,                0.00442,                 3.1554,                  4.111,                 1.7646,             0.00022165,             0.00022165,             0.00022165
                     13,                 2.9491,                  3.236,                 1.8067,                0.00635,                0.09048,                0.01176,                0.00399,                 2.7908,                 4.0533,                  1.664,              0.0002401,              0.0002401,              0.0002401
                     14,                 3.0133,                 3.0022,                 2.0041,                0.00698,                0.09388,                0.00763,                 0.0029,                 2.6054,                  3.992,                 1.6405,             0.00025842,             0.00025842,             0.00025842
                     15,                 2.7136,                 2.7034,                 1.7606,                 0.0131,                0.12789,                0.01716,                0.00404,                 2.5072,                 3.8918,                 1.6415,              0.0002766,              0.0002766,              0.0002766
                     16,                 3.0872,                 2.6181,                 1.7419,                0.01788,                 0.1551,                0.02538,                0.00589,                  2.471,                 3.7695,                 1.6475,             0.00029466,             0.00029466,             0.00029466
                     17,                 2.8536,                 2.4457,                 1.7815,                 0.0232,                0.20952,                0.06709,                0.02654,                 2.3899,                 3.6187,                 1.6288,             0.00031258,             0.00031258,             0.00031258
                     18,                 2.7357,                   2.31,                 1.6503,                 0.0264,                0.22381,                0.10394,                0.04737,                 2.2885,                 3.4934,                 1.5998,             0.00033036,             0.00033036,             0.00033036
                     19,                 2.5011,                 2.3123,                 1.6173,                0.02817,                0.24762,                0.12883,                0.06222,                 2.2826,                 3.3678,                 1.5997,             0.00034802,             0.00034802,             0.00034802
                     20,                 2.3582,                  2.214,                 1.5692,                0.02863,                0.29116,                0.15564,                0.07647,                 2.1928,                 3.2445,                 1.5597,             0.00036555,             0.00036555,             0.00036555
                     21,                 2.4638,                 2.0192,                  1.585,                0.02849,                0.22449,                0.15689,                0.08535,                 2.1385,                 3.1847,                 1.5291,             0.00038294,             0.00038294,             0.00038294
                     22,                 2.4845,                 1.9946,                 1.6811,                0.03418,                0.26122,                0.17472,                0.09137,                 2.1431,                 3.1411,                 1.5376,              0.0004002,              0.0004002,              0.0004002
                     23,                    2.3,                 1.9471,                 1.5373,                0.03711,                0.26463,                0.20822,                0.09093,                 2.1762,                 3.0488,                 1.5728,             0.00041733,             0.00041733,             0.00041733
                     24,                  2.372,                 1.9473,                 1.5398,                0.03096,                 0.2415,                0.18978,                0.09334,                 2.1836,                 2.8711,                 1.6033,             0.00043433,             0.00043433,             0.00043433
                     25,                 2.2359,                 1.8214,                 1.4938,                0.85416,                0.23127,                0.20662,                 0.0941,                 2.2083,                  2.661,                 1.6353,             0.00045119,             0.00045119,             0.00045119
                     26,                 2.3204,                 1.7562,                 1.6204,                0.90291,                 0.1258,                0.21051,                0.09388,                 2.2326,                 2.4386,                 1.6147,             0.00046792,             0.00046792,             0.00046792
                     27,                 2.3479,                 1.7874,                 1.5589,                0.89694,                0.17393,                0.21285,                0.10234,                 2.1521,                 2.2895,                 1.5655,             0.00048453,             0.00048453,             0.00048453
                     28,                 2.1662,                 1.7939,                 1.4863,                0.89694,                0.17393,                0.21285,                0.10234,                 2.1521,                 2.2895,                 1.5655,               0.000501,               0.000501,               0.000501
                     29,                 2.3682,                  1.754,                 1.5242,                0.89827,                0.16484,                0.22422,                 0.1139,                 2.1263,                 2.1641,                 1.5246,             0.00051733,             0.00051733,             0.00051733
                     30,                 2.4609,                 1.7311,                 1.5629,                0.93416,                0.14505,                0.21938,                0.11576,                 2.1195,                 2.1705,                  1.505,             0.00053354,             0.00053354,             0.00053354
                     31,                 2.0528,                 1.6021,                 1.4811,                0.93416,                0.14505,                0.21938,                0.11576,                 2.1195,                 2.1705,                  1.505,             0.00054961,             0.00054961,             0.00054961
                     32,                  2.162,                 1.6108,                 1.5264,                0.91943,                0.14024,                0.22188,                0.12233,                 2.0714,                 2.2299,                 1.5118,             0.00056555,             0.00056555,             0.00056555
                     33,                 2.0887,                 1.7338,                 1.4315,                0.91887,                0.15998,                0.23317,                0.12156,                 2.0337,                 2.2109,                 1.5383,             0.00058136,             0.00058136,             0.00058136
                     34,                 2.2503,                 1.8458,                 1.4688,                0.91887,                0.15998,                0.23317,                0.12156,                 2.0337,                 2.2109,                 1.5383,             0.00059704,             0.00059704,             0.00059704
                     35,                 2.3317,                 1.5329,                 1.5334,                0.81316,                0.24062,                0.32544,                0.15244,                 2.0301,                  1.962,                 1.5093,             0.00061258,             0.00061258,             0.00061258
                     36,                  2.288,                 1.5827,                  1.504,                0.80458,                0.27755,                0.41089,                 0.1621,                 2.0853,                  1.769,                 1.5333,             0.00062799,             0.00062799,             0.00062799
                     37,                 2.1766,                 1.5794,                 1.5256,                0.80458,                0.27755,                0.41089,                 0.1621,                 2.0853,                  1.769,                 1.5333,             0.00064328,             0.00064328,             0.00064328
                     38,                  2.012,                 1.6292,                 1.4572,                0.79907,                0.26757,                0.41522,                0.15894,                 2.0413,                 1.6834,                 1.5209,             0.00065843,             0.00065843,             0.00065843
                     39,                  2.159,                 1.5634,                 1.4821,                0.82174,                0.24722,                 0.4166,                0.18418,                 1.8971,                  1.597,                 1.4709,             0.00067344,             0.00067344,             0.00067344
                     40,                 2.0506,                 1.5449,                 1.4264,                0.82174,                0.24722,                 0.4166,                0.18418,                 1.8971,                  1.597,                 1.4709,             0.00068833,             0.00068833,             0.00068833
                     41,                 2.0535,                 1.4318,                 1.4845,                0.77238,                0.31038,                0.41979,                0.19512,                 1.8524,                 1.5276,                 1.4401,             0.00070308,             0.00070308,             0.00070308
                     42,                 1.8111,                 1.5218,                 1.3903,                0.82916,                0.29972,                0.43147,                0.21988,                 1.7508,                 1.4499,                 1.3892,              0.0007177,              0.0007177,              0.0007177
                     43,                  2.028,                  1.517,                 1.4253,                0.82916,                0.29972,                0.43147,                0.21988,                 1.7508,                 1.4499,                 1.3892,             0.00073219,             0.00073219,             0.00073219
                     44,                 1.7724,                 1.6287,                 1.3886,                0.72646,                0.42412,                0.45563,                0.24277,                 1.6446,                 1.4123,                 1.3662,             0.00074655,             0.00074655,             0.00074655
                     45,                 1.8996,                 1.6235,                 1.4094,                0.72646,                0.42412,                0.45563,                0.24277,                 1.6446,                 1.4123,                 1.3662,             0.00076077,             0.00076077,             0.00076077
                     46,                 1.9775,                 1.4752,                 1.4141,                0.70878,                0.48231,                0.45796,                0.26986,                  1.601,                   1.43,                 1.3767,             0.00077487,             0.00077487,             0.00077487
                     47,                 1.9128,                 1.5247,                 1.4209,                0.70878,                0.48231,                0.45796,                0.26986,                  1.601,                   1.43,                 1.3767,             0.00078883,             0.00078883,             0.00078883
                     48,                 1.7863,                 1.4974,                  1.418,                0.78445,                0.43614,                0.51979,                 0.2766,                 1.8355,                 1.3965,                 1.4464,             0.00080265,             0.00080265,             0.00080265
                     49,                 1.8163,                 1.4296,                 1.3666,                0.78445,                0.43614,                0.51979,                 0.2766,                 1.8355,                 1.3965,                 1.4464,             0.00081635,             0.00081635,             0.00081635
                     50,                 2.1708,                 1.4666,                 1.4642,                0.79423,                0.46499,                0.54018,                0.28143,                 1.8024,                  1.372,                 1.4486,             0.00082992,             0.00082992,             0.00082992
                     51,                 1.9758,                 1.4642,                 1.4333,                0.79423,                0.46499,                0.54018,                0.28143,                 1.8024,                  1.372,                 1.4486,               0.000835,               0.000835,               0.000835
                     52,                 1.7869,                 1.4307,                 1.3928,                0.87379,                0.40763,                0.56815,                0.30608,                 1.6601,                 1.3554,                 1.4182,              0.0008317,              0.0008317,              0.0008317
                     53,                 1.8457,                 1.3791,                 1.3643,                0.87379,                0.40763,                0.56815,                0.30608,                 1.6601,                 1.3554,                 1.4182,              0.0008284,              0.0008284,              0.0008284
                     54,                  1.804,                 1.6437,                 1.4343,                0.80977,                0.51645,                0.54407,                 0.2973,                 1.5766,                 1.2886,                 1.3429,              0.0008251,              0.0008251,              0.0008251
                     55,                  1.889,                 1.3687,                 1.4506,                0.80977,                0.51645,                0.54407,                 0.2973,                 1.5766,                 1.2886,                 1.3429,              0.0008218,              0.0008218,              0.0008218
                     56,                 1.9764,                 1.4964,                 1.3767,                0.78855,                0.47172,                0.56963,                 0.3196,                 1.5462,                 1.3085,                 1.3295,              0.0008185,              0.0008185,              0.0008185
                     57,                  1.722,                 1.3167,                 1.3517,                0.78855,                0.47172,                0.56963,                 0.3196,                 1.5462,                 1.3085,                 1.3295,              0.0008152,              0.0008152,              0.0008152
                     58,                  2.146,                 1.4523,                 1.4419,                0.73069,                0.55137,                0.57027,                0.32949,                 1.5149,                 1.2753,                 1.2991,              0.0008119,              0.0008119,              0.0008119
                     59,                 1.6668,                 1.3216,                 1.3977,                0.73069,                0.55137,                0.57027,                0.32949,                 1.5149,                 1.2753,                 1.2991,              0.0008086,              0.0008086,              0.0008086
                     60,                 1.7662,                 1.3757,                 1.3859,                 0.7801,                0.50675,                0.63154,                0.34239,                 1.5139,                 1.2246,                 1.2876,              0.0008053,              0.0008053,              0.0008053
                     61,                 1.7082,                 1.2517,                 1.3344,                 0.7801,                0.50675,                0.63154,                0.34239,                 1.5139,                 1.2246,                 1.2876,               0.000802,               0.000802,               0.000802
                     62,                 1.7134,                 1.3248,                  1.328,                0.85661,                0.50383,                0.68338,                0.37999,                 1.5296,                 1.1726,                 1.3014,              0.0007987,              0.0007987,              0.0007987
                     63,                 1.7722,                 1.2939,                 1.3723,                0.85661,                0.50383,                0.68338,                0.37999,                 1.5296,                 1.1726,                 1.3014,              0.0007954,              0.0007954,              0.0007954
                     64,                 2.3366,                 2.2488,                 1.5531,                0.93398,                0.50344,                0.71199,                0.40797,                 1.4652,                 1.1623,                 1.2764,              0.0007921,              0.0007921,              0.0007921
                     65,                 1.6759,                 1.2993,                 1.3438,                0.93398,                0.50344,                0.71199,                0.40797,                 1.4652,                 1.1623,                 1.2764,              0.0007888,              0.0007888,              0.0007888
                     66,                 1.8105,                 1.2961,                 1.4487,                0.95858,                0.50169,                 0.7276,                0.42155,                 1.4803,                 1.2107,                 1.2665,              0.0007855,              0.0007855,              0.0007855
                     67,                 1.7378,                 1.2696,                 1.3525,                0.95858,                0.50169,                 0.7276,                0.42155,                 1.4803,                 1.2107,                 1.2665,              0.0007822,              0.0007822,              0.0007822
                     68,                 1.7613,                 1.3334,                 1.3582,                0.72817,                0.62467,                0.74574,                0.44607,                 1.4309,                 1.1616,                 1.2554,              0.0007789,              0.0007789,              0.0007789
                     69,                 1.6462,                 1.2636,                 1.3271,                0.72817,                0.62467,                0.74574,                0.44607,                 1.4309,                 1.1616,                 1.2554,              0.0007756,              0.0007756,              0.0007756
                     70,                 1.6268,                  1.166,                 1.3115,                0.76814,                0.62699,                0.73278,                0.45333,                 1.3817,                  1.103,                 1.2401,              0.0007723,              0.0007723,              0.0007723
                     71,                   1.78,                 1.3285,                 1.4267,                0.76814,                0.62699,                0.73278,                0.45333,                 1.3817,                  1.103,                 1.2401,               0.000769,               0.000769,               0.000769
                     72,                 1.6988,                 1.1653,                 1.2617,                0.78072,                0.62821,                 0.7373,                0.43722,                 1.4836,                 1.0987,                 1.2486,              0.0007657,              0.0007657,              0.0007657
                     73,                 1.6089,                 1.2919,                 1.3322,                0.78072,                0.62821,                 0.7373,                0.43722,                 1.4836,                 1.0987,                 1.2486,              0.0007624,              0.0007624,              0.0007624
                     74,                 1.4774,                 1.2668,                  1.344,                0.78011,                0.64319,                0.73244,                0.39238,                 1.6704,                 1.1309,                 1.2678,              0.0007591,              0.0007591,              0.0007591
                     75,                 1.8195,                 1.2185,                 1.3199,                0.78011,                0.64319,                0.73244,                0.39238,                 1.6704,                 1.1309,                 1.2678,              0.0007558,              0.0007558,              0.0007558
                     76,                  1.602,                 1.1746,                 1.2685,                 0.9003,                0.57871,                0.78681,                0.39815,                 1.7097,                 1.1183,                 1.2715,              0.0007525,              0.0007525,              0.0007525
                     77,                 1.7952,                  1.186,                 1.2799,                 0.9003,                0.57871,                0.78681,                0.39815,                 1.7097,                 1.1183,                 1.2715,              0.0007492,              0.0007492,              0.0007492
                     78,                 1.5891,                 1.2025,                 1.2634,                0.81627,                 0.6691,                 0.7955,                0.43727,                  1.598,                 1.1012,                   1.26,              0.0007459,              0.0007459,              0.0007459
                     79,                 1.9416,                 1.2723,                 1.3355,                0.81627,                 0.6691,                 0.7955,                0.43727,                  1.598,                 1.1012,                   1.26,              0.0007426,              0.0007426,              0.0007426
                     80,                  1.491,                  1.281,                 1.3796,                0.59949,                0.79252,                0.79004,                0.47823,                 1.3728,                 1.0925,                 1.2292,              0.0007393,              0.0007393,              0.0007393
                     81,                 1.5013,                 1.1994,                 1.3061,                0.59949,                0.79252,                0.79004,                0.47823,                 1.3728,                 1.0925,                 1.2292,               0.000736,               0.000736,               0.000736
                     82,                 1.5109,                  1.144,                 1.2667,                0.71178,                0.77542,                0.78713,                0.50094,                 1.2923,                 1.1002,                  1.222,              0.0007327,              0.0007327,              0.0007327
                     83,                    1.6,                 1.2213,                  1.338,                0.71178,                0.77542,                0.78713,                0.50094,                 1.2923,                 1.1002,                  1.222,              0.0007294,              0.0007294,              0.0007294
                     84,                 1.5845,                 1.2001,                 1.3208,                0.79741,                0.78793,                0.82877,                0.53032,                 1.3462,                  1.148,                 1.2286,              0.0007261,              0.0007261,              0.0007261
                     85,                 1.6242,                 1.2169,                 1.2777,                0.79741,                0.78793,                0.82877,                0.53032,                 1.3462,                  1.148,                 1.2286,              0.0007228,              0.0007228,              0.0007228
                     86,                 1.5077,                 1.1091,                 1.2765,                0.75908,                0.80276,                0.85514,                0.50224,                 1.4162,                 1.1616,                 1.2183,              0.0007195,              0.0007195,              0.0007195
                     87,                  1.481,                   1.12,                 1.2412,                0.75908,                0.80276,                0.85514,                0.50224,                 1.4162,                 1.1616,                 1.2183,              0.0007162,              0.0007162,              0.0007162
                     88,                 1.6795,                 1.1434,                  1.309,                0.80618,                0.83228,                0.87339,                0.50431,                 1.4118,                 1.0951,                 1.2093,              0.0007129,              0.0007129,              0.0007129
                     89,                 1.5563,                 1.2943,                 1.2607,                0.80618,                0.83228,                0.87339,                0.50431,                 1.4118,                 1.0951,                 1.2093,              0.0007096,              0.0007096,              0.0007096
                     90,                 1.6474,                 1.1592,                 1.2931,                0.75535,                0.89473,                0.89252,                0.54608,                 1.3795,                 1.0407,                 1.2086,              0.0007063,              0.0007063,              0.0007063
                     91,                 1.4745,                  1.094,                 1.2739,                0.75535,                0.89473,                0.89252,                0.54608,                 1.3795,                 1.0407,                 1.2086,               0.000703,               0.000703,               0.000703
                     92,                 1.6247,                 1.1595,                 1.2828,                0.68189,                  0.816,                0.88256,                0.56364,                 1.3511,                 1.0346,                  1.184,              0.0006997,              0.0006997,              0.0006997
                     93,                 1.6641,                 1.1501,                 1.2478,                0.68189,                  0.816,                0.88256,                0.56364,                 1.3511,                 1.0346,                  1.184,              0.0006964,              0.0006964,              0.0006964
                     94,                  1.553,                 1.1626,                 1.2507,                0.81279,                0.66507,                0.88284,                0.57227,                 1.3194,                 1.0313,                 1.1671,              0.0006931,              0.0006931,              0.0006931
                     95,                 1.6635,                 1.1502,                 1.2786,                0.81279,                0.66507,                0.88284,                0.57227,                 1.3194,                 1.0313,                 1.1671,              0.0006898,              0.0006898,              0.0006898
                     96,                 1.6192,                 1.1143,                  1.278,                0.66567,                0.81986,                0.89404,                0.59153,                 1.2369,                 1.0065,                 1.1658,              0.0006865,              0.0006865,              0.0006865
                     97,                 2.0201,                 1.2564,                 1.3224,                0.66567,                0.81986,                0.89404,                0.59153,                 1.2369,                 1.0065,                 1.1658,              0.0006832,              0.0006832,              0.0006832
                     98,                 1.5967,                 1.1335,                  1.293,                0.76489,                0.76789,                0.89493,                 0.6191,                 1.2309,                 0.9714,                 1.1597,              0.0006799,              0.0006799,              0.0006799
                     99,                 1.6078,                 1.1735,                 1.2596,                0.76489,                0.76789,                0.89493,                 0.6191,                 1.2309,                 0.9714,                 1.1597,              0.0006766,              0.0006766,              0.0006766
                    100,                 1.6382,                 1.1843,                 1.2845,                 0.7327,                0.84443,                0.89883,                0.61656,                 1.2473,                0.95332,                 1.1617,              0.0006733,              0.0006733,              0.0006733
                    101,                 1.5106,                 1.0906,                 1.2604,                 0.7327,                0.84443,                0.89883,                0.61656,                 1.2473,                0.95332,                 1.1617,                0.00067,                0.00067,                0.00067
                    102,                 1.6451,                 1.3158,                 1.2893,                0.74317,                0.87124,                0.90686,                0.62229,                 1.2477,                0.93091,                 1.1694,              0.0006667,              0.0006667,              0.0006667
                    103,                 1.3801,                   1.03,                 1.1942,                0.74317,                0.87124,                0.90686,                0.62229,                 1.2477,                0.93091,                 1.1694,              0.0006634,              0.0006634,              0.0006634
                    104,                 1.3911,                 1.0572,                 1.2164,                0.90842,                0.76503,                0.91102,                0.58809,                 1.2629,                0.92329,                 1.1717,              0.0006601,              0.0006601,              0.0006601
                    105,                 1.4439,                 1.0851,                 1.1857,                0.90842,                0.76503,                0.91102,                0.58809,                 1.2629,                0.92329,                 1.1717,              0.0006568,              0.0006568,              0.0006568
                    106,                 1.5625,                 1.1389,                 1.2742,                0.85911,                0.87081,                0.92083,                0.56945,                  1.312,                0.90381,                 1.1658,              0.0006535,              0.0006535,              0.0006535
                    107,                 1.6634,                 1.2127,                 1.2551,                0.85911,                0.87081,                0.92083,                0.56945,                  1.312,                0.90381,                 1.1658,              0.0006502,              0.0006502,              0.0006502
                    108,                 1.4937,                 1.1023,                 1.2558,                0.81736,                0.84523,                0.92474,                0.59539,                 1.2698,                0.87269,                 1.1625,              0.0006469,              0.0006469,              0.0006469
                    109,                 1.6137,                 1.0754,                 1.2167,                0.81736,                0.84523,                0.92474,                0.59539,                 1.2698,                0.87269,                 1.1625,              0.0006436,              0.0006436,              0.0006436
                    110,                 1.4119,                 1.0454,                 1.2114,                0.80577,                0.87746,                0.94351,                0.62873,                 1.2382,                 0.8762,                 1.1573,              0.0006403,              0.0006403,              0.0006403
                    111,                 1.4921,                 1.0761,                 1.2517,                0.80577,                0.87746,                0.94351,                0.62873,                 1.2382,                 0.8762,                 1.1573,               0.000637,               0.000637,               0.000637
                    112,                 1.3695,                 1.0265,                 1.1821,                0.81212,                0.90663,                0.94712,                0.64546,                 1.2025,                0.87694,                 1.1418,              0.0006337,              0.0006337,              0.0006337
                    113,                 1.3113,                0.96337,                 1.2117,                0.81212,                0.90663,                0.94712,                0.64546,                 1.2025,                0.87694,                 1.1418,              0.0006304,              0.0006304,              0.0006304
                    114,                  1.379,                 1.0674,                 1.2386,                0.80915,                0.89734,                0.94225,                0.61713,                 1.2346,                0.90507,                 1.1427,              0.0006271,              0.0006271,              0.0006271
                    115,                 1.5578,                 1.0976,                 1.2268,                0.80915,                0.89734,                0.94225,                0.61713,                 1.2346,                0.90507,                 1.1427,              0.0006238,              0.0006238,              0.0006238
                    116,                  1.398,                0.99212,                  1.271,                  0.871,                0.87246,                0.95131,                0.64272,                 1.2012,                0.92069,                 1.1458,              0.0006205,              0.0006205,              0.0006205
                    117,                 1.5527,                 1.0356,                 1.2457,                  0.871,                0.87246,                0.95131,                0.64272,                 1.2012,                0.92069,                 1.1458,              0.0006172,              0.0006172,              0.0006172
                    118,                 1.5628,                 1.0641,                 1.2424,                0.89935,                0.89024,                0.95826,                0.68458,                 1.1447,                0.87675,                 1.1359,              0.0006139,              0.0006139,              0.0006139
                    119,                 1.4805,                0.98701,                 1.2396,                0.89935,                0.89024,                0.95826,                0.68458,                 1.1447,                0.87675,                 1.1359,              0.0006106,              0.0006106,              0.0006106
                    120,                  1.369,                 1.0884,                  1.156,                0.84776,                0.87605,                0.95796,                0.69728,                 1.1647,                0.85648,                 1.1368,              0.0006073,              0.0006073,              0.0006073
                    121,                 1.3545,                0.95434,                 1.2332,                0.84776,                0.87605,                0.95796,                0.69728,                 1.1647,                0.85648,                 1.1368,               0.000604,               0.000604,               0.000604
                    122,                 1.3364,                 1.0123,                 1.2339,                0.90735,                0.89598,                0.96288,                0.68864,                 1.1687,                0.83581,                 1.1367,              0.0006007,              0.0006007,              0.0006007
                    123,                 1.4909,                0.97823,                 1.2628,                0.90735,                0.89598,                0.96288,                0.68864,                 1.1687,                0.83581,                 1.1367,              0.0005974,              0.0005974,              0.0005974
                    124,                 1.3867,                0.95106,                 1.2339,                0.92654,                0.91584,                0.96898,                0.68196,                 1.1643,                0.81504,                 1.1321,              0.0005941,              0.0005941,              0.0005941
                    125,                 1.4089,                 1.0279,                 1.2357,                0.92654,                0.91584,                0.96898,                0.68196,                 1.1643,                0.81504,                 1.1321,              0.0005908,              0.0005908,              0.0005908
                    126,                 1.3809,                 1.0143,                 1.1845,                0.93017,                0.90941,                0.96734,                0.69305,                 1.1574,                0.79248,                 1.1333,              0.0005875,              0.0005875,              0.0005875
                    127,                 1.4801,                 1.0243,                 1.2179,                0.93017,                0.90941,                0.96734,                0.69305,                 1.1574,                0.79248,                 1.1333,              0.0005842,              0.0005842,              0.0005842
                    128,                 1.4547,                0.97499,                 1.2296,                0.93441,                0.93335,                0.96733,                0.71025,                 1.1451,                0.78377,                 1.1251,              0.0005809,              0.0005809,              0.0005809
                    129,                 1.3828,                0.98908,                 1.2332,                0.93441,                0.93335,                0.96733,                0.71025,                 1.1451,                0.78377,                 1.1251,              0.0005776,              0.0005776,              0.0005776
                    130,                 1.5434,                 1.0961,                 1.2046,                0.94677,                0.92925,                 0.9632,                0.70578,                 1.1862,                0.79589,                 1.1409,              0.0005743,              0.0005743,              0.0005743
                    131,                 1.3986,                 1.1145,                 1.2279,                0.94677,                0.92925,                 0.9632,                0.70578,                 1.1862,                0.79589,                 1.1409,               0.000571,               0.000571,               0.000571
                    132,                 1.5444,                 1.0327,                 1.2277,                0.94776,                0.91471,                0.96331,                0.70227,                 1.2104,                0.78805,                 1.1358,              0.0005677,              0.0005677,              0.0005677
                    133,                 1.3449,                0.94607,                 1.1643,                0.94776,                0.91471,                0.96331,                0.70227,                 1.2104,                0.78805,                 1.1358,              0.0005644,              0.0005644,              0.0005644
                    134,                 1.4154,                0.99362,                 1.2313,                0.93885,                0.90765,                0.96444,                0.71551,                 1.1688,                0.78452,                 1.1133,              0.0005611,              0.0005611,              0.0005611
                    135,                  1.316,                0.94925,                 1.1933,                0.93885,                0.90765,                0.96444,                0.71551,                 1.1688,                0.78452,                 1.1133,              0.0005578,              0.0005578,              0.0005578
                    136,                 1.4042,                0.93099,                 1.1483,                 0.9378,                0.89062,                0.96923,                 0.7052,                 1.1717,                0.77538,                 1.1061,              0.0005545,              0.0005545,              0.0005545
                    137,                 1.2103,                0.91312,                 1.1194,                 0.9378,                0.89062,                0.96923,                 0.7052,                 1.1717,                0.77538,                 1.1061,              0.0005512,              0.0005512,              0.0005512
                    138,                 1.2794,                0.90308,                 1.1631,                0.92898,                0.88048,                 0.9695,                0.69102,                 1.1802,                0.77403,                 1.0945,              0.0005479,              0.0005479,              0.0005479
                    139,                 1.3218,                0.98901,                 1.1882,                0.92898,                0.88048,                 0.9695,                0.69102,                 1.1802,                0.77403,                 1.0945,              0.0005446,              0.0005446,              0.0005446
                    140,                 1.4971,                 1.0443,                 1.2307,                0.93474,                0.88317,                0.96974,                0.68482,                 1.1887,                0.78307,                 1.1025,              0.0005413,              0.0005413,              0.0005413
                    141,                 1.4458,                 0.9964,                 1.1771,                0.93474,                0.88317,                0.96974,                0.68482,                 1.1887,                0.78307,                 1.1025,               0.000538,               0.000538,               0.000538
                    142,                 1.4299,                 0.9897,                 1.1486,                0.92057,                0.88661,                0.97222,                0.71734,                 1.1144,                0.78395,                 1.1112,              0.0005347,              0.0005347,              0.0005347
                    143,                 1.3412,                0.92659,                 1.2106,                0.92057,                0.88661,                0.97222,                0.71734,                 1.1144,                0.78395,                 1.1112,              0.0005314,              0.0005314,              0.0005314
                    144,                 1.3731,                 1.0109,                 1.2502,                0.90684,                0.90896,                0.97384,                0.73154,                 1.1148,                0.77732,                 1.1149,              0.0005281,              0.0005281,              0.0005281
                    145,                 1.4384,                 0.9478,                  1.173,                0.90684,                0.90896,                0.97384,                0.73154,                 1.1148,                0.77732,                 1.1149,              0.0005248,              0.0005248,              0.0005248
                    146,                 1.3425,                0.94157,                 1.1983,                 0.9049,                0.92334,                0.98287,                 0.7231,                 1.1273,                0.77422,                 1.1167,              0.0005215,              0.0005215,              0.0005215
                    147,                 1.2408,                0.98838,                 1.1614,                 0.9049,                0.92334,                0.98287,                 0.7231,                 1.1273,                0.77422,                 1.1167,              0.0005182,              0.0005182,              0.0005182
                    148,                 1.2571,                0.91303,                 1.1593,                0.91967,                0.93171,                0.98385,                0.72379,                 1.1195,                0.76923,                 1.1147,              0.0005149,              0.0005149,              0.0005149
                    149,                 1.3285,                0.95572,                 1.1286,                0.91967,                0.93171,                0.98385,                0.72379,                 1.1195,                0.76923,                 1.1147,              0.0005116,              0.0005116,              0.0005116
                    150,                 1.3206,                0.96452,                 1.2309,                0.90485,                0.95077,                0.98619,                 0.7103,                 1.1278,                0.79911,                 1.1072,              0.0005083,              0.0005083,              0.0005083
                    151,                 1.2605,                0.92539,                 1.1709,                0.90485,                0.95077,                0.98619,                 0.7103,                 1.1278,                0.79911,                 1.1072,               0.000505,               0.000505,               0.000505
                    152,                  1.317,                0.89277,                 1.1753,                0.91626,                0.96165,                0.98764,                0.70967,                 1.1778,                0.82657,                  1.108,              0.0005017,              0.0005017,              0.0005017
                    153,                 1.3487,                0.95923,                 1.1422,                0.91626,                0.96165,                0.98764,                0.70967,                 1.1778,                0.82657,                  1.108,              0.0004984,              0.0004984,              0.0004984
                    154,                 1.3134,                0.93369,                  1.168,                0.90222,                0.95397,                0.97983,                0.70797,                 1.1941,                0.83648,                 1.1045,              0.0004951,              0.0004951,              0.0004951
                    155,                 1.2612,                0.90488,                 1.1868,                0.90222,                0.95397,                0.97983,                0.70797,                 1.1941,                0.83648,                 1.1045,              0.0004918,              0.0004918,              0.0004918
                    156,                 1.2793,                0.90537,                 1.1805,                0.90825,                0.94612,                0.98544,                0.74152,                  1.137,                0.82022,                 1.0963,              0.0004885,              0.0004885,              0.0004885
                    157,                 1.3873,                0.93526,                 1.1872,                0.90825,                0.94612,                0.98544,                0.74152,                  1.137,                0.82022,                 1.0963,              0.0004852,              0.0004852,              0.0004852
                    158,                 1.2173,                0.89315,                  1.137,                0.90154,                 0.9548,                0.97647,                0.74943,                 1.0852,                0.76818,                 1.0861,              0.0004819,              0.0004819,              0.0004819
                    159,                 1.2749,                0.95554,                 1.2357,                0.90154,                 0.9548,                0.97647,                0.74943,                 1.0852,                0.76818,                 1.0861,              0.0004786,              0.0004786,              0.0004786
                    160,                 1.3666,                0.98149,                 1.1609,                0.92092,                0.96202,                0.97608,                0.72649,                 1.1301,                0.75782,                 1.1046,              0.0004753,              0.0004753,              0.0004753
                    161,                 1.3956,                0.96452,                 1.1871,                0.92092,                0.96202,                0.97608,                0.72649,                 1.1301,                0.75782,                 1.1046,               0.000472,               0.000472,               0.000472
                    162,                 1.2361,                0.85317,                 1.1523,                0.92983,                0.96067,                0.97361,                0.71474,                 1.1953,                0.76946,                 1.1297,              0.0004687,              0.0004687,              0.0004687
                    163,                 1.2335,                0.83296,                  1.142,                0.92983,                0.96067,                0.97361,                0.71474,                 1.1953,                0.76946,                 1.1297,              0.0004654,              0.0004654,              0.0004654
                    164,                 1.3051,                0.92022,                 1.2006,                 0.9413,                0.93075,                0.96859,                0.71674,                 1.2213,                0.76889,                 1.1431,              0.0004621,              0.0004621,              0.0004621
                    165,                 1.2551,                0.87637,                 1.1586,                 0.9413,                0.93075,                0.96859,                0.71674,                 1.2213,                0.76889,                 1.1431,              0.0004588,              0.0004588,              0.0004588
                    166,                 1.3039,                0.89332,                 1.1607,                0.94679,                0.93355,                0.97229,                0.70577,                 1.1866,                0.74832,                  1.121,              0.0004555,              0.0004555,              0.0004555
                    167,                 1.2339,                0.88235,                 1.1683,                0.94679,                0.93355,                0.97229,                0.70577,                 1.1866,                0.74832,                  1.121,              0.0004522,              0.0004522,              0.0004522
                    168,                 1.2981,                0.89368,                 1.1459,                0.95022,                0.92168,                0.97428,                0.71275,                  1.135,                0.72014,                 1.0965,              0.0004489,              0.0004489,              0.0004489
                    169,                  1.361,                0.86084,                 1.1721,                0.95022,                0.92168,                0.97428,                0.71275,                  1.135,                0.72014,                 1.0965,              0.0004456,              0.0004456,              0.0004456
                    170,                  1.322,                 1.3009,                 1.1348,                0.97544,                0.89974,                0.98183,                0.72563,                 1.1331,                0.71868,                 1.0985,              0.0004423,              0.0004423,              0.0004423
                    171,                 1.1997,                0.84486,                  1.183,                0.97544,                0.89974,                0.98183,                0.72563,                 1.1331,                0.71868,                 1.0985,               0.000439,               0.000439,               0.000439
                    172,                 1.1468,                0.82878,                 1.1625,                0.95233,                 0.9386,                0.98813,                0.74595,                 1.1022,                0.70968,                 1.0928,              0.0004357,              0.0004357,              0.0004357
                    173,                 1.2757,                 0.8785,                   1.19,                0.95233,                 0.9386,                0.98813,                0.74595,                 1.1022,                0.70968,                 1.0928,              0.0004324,              0.0004324,              0.0004324
                    174,                 1.3127,                0.87436,                 1.1412,                0.94733,                0.94059,                 0.9883,                0.74592,                 1.1434,                0.71565,                 1.1174,              0.0004291,              0.0004291,              0.0004291
                    175,                 1.2154,                 0.8782,                 1.1225,                0.94733,                0.94059,                 0.9883,                0.74592,                 1.1434,                0.71565,                 1.1174,              0.0004258,              0.0004258,              0.0004258
                    176,                 1.2777,                 0.8726,                 1.2175,                0.94546,                0.93937,                0.98798,                0.71075,                  1.206,                0.72045,                  1.153,              0.0004225,              0.0004225,              0.0004225
                    177,                 1.3546,                 0.9125,                 1.1722,                0.94546,                0.93937,                0.98798,                0.71075,                  1.206,                0.72045,                  1.153,              0.0004192,              0.0004192,              0.0004192
                    178,                 1.3381,                0.87198,                 1.1641,                0.95568,                0.93662,                0.98784,                0.72084,                 1.1828,                0.70398,                 1.1386,              0.0004159,              0.0004159,              0.0004159
                    179,                 1.1842,                0.85381,                 1.1637,                0.95568,                0.93662,                0.98784,                0.72084,                 1.1828,                0.70398,                 1.1386,              0.0004126,              0.0004126,              0.0004126
                    180,                 1.2423,                0.87654,                 1.2095,                0.95853,                0.93294,                0.98954,                0.74754,                 1.1003,                0.67333,                 1.1028,              0.0004093,              0.0004093,              0.0004093
                    181,                 1.2462,                 0.8401,                 1.1461,                0.95853,                0.93294,                0.98954,                0.74754,                 1.1003,                0.67333,                 1.1028,               0.000406,               0.000406,               0.000406
                    182,                 1.1872,                0.82405,                 1.1775,                0.96658,                0.92559,                0.98873,                0.75991,                 1.0962,                0.68001,                 1.0996,              0.0004027,              0.0004027,              0.0004027
                    183,                 1.5038,                0.95454,                 1.1833,                0.96658,                0.92559,                0.98873,                0.75991,                 1.0962,                0.68001,                 1.0996,              0.0003994,              0.0003994,              0.0003994
                    184,                 1.2107,                  0.857,                 1.1133,                0.96933,                0.92844,                0.98879,                0.75507,                 1.0958,                0.69337,                 1.1052,              0.0003961,              0.0003961,              0.0003961
                    185,                 1.4459,                0.99279,                 1.1978,                0.96933,                0.92844,                0.98879,                0.75507,                 1.0958,                0.69337,                 1.1052,              0.0003928,              0.0003928,              0.0003928
                    186,                 1.5353,                  0.935,                 1.3156,                 0.9702,                0.93923,                0.98857,                0.75773,                 1.1038,                0.69947,                 1.1149,              0.0003895,              0.0003895,              0.0003895
                    187,                 1.2141,                0.86335,                 1.1611,                 0.9702,                0.93923,                0.98857,                0.75773,                 1.1038,                0.69947,                 1.1149,              0.0003862,              0.0003862,              0.0003862
                    188,                 1.3088,                0.87928,                  1.185,                0.97247,                0.94242,                0.98866,                0.75424,                 1.0915,                0.69576,                 1.0993,              0.0003829,              0.0003829,              0.0003829
                    189,                 1.1993,                0.81945,                 1.1501,                0.97247,                0.94242,                0.98866,                0.75424,                 1.0915,                0.69576,                 1.0993,              0.0003796,              0.0003796,              0.0003796
                    190,                  1.219,                0.83215,                 1.1698,                0.96132,                0.95766,                0.98957,                0.74534,                 1.1157,                0.69773,                 1.0811,              0.0003763,              0.0003763,              0.0003763
                    191,                   1.29,                0.86971,                 1.1822,                0.96132,                0.95766,                0.98957,                0.74534,                 1.1157,                0.69773,                 1.0811,               0.000373,               0.000373,               0.000373
                    192,                 1.4692,                0.88582,                 1.1675,                0.95924,                0.95862,                0.98932,                0.74046,                 1.1389,                0.70634,                 1.0735,              0.0003697,              0.0003697,              0.0003697
                    193,                 1.5035,                0.98106,                 1.2254,                0.95924,                0.95862,                0.98932,                0.74046,                 1.1389,                0.70634,                 1.0735,              0.0003664,              0.0003664,              0.0003664
                    194,                  1.167,                0.83405,                 1.1196,                0.95355,                0.96413,                0.98874,                0.73248,                 1.1208,                0.69582,                 1.0688,              0.0003631,              0.0003631,              0.0003631
                    195,                   1.28,                0.87361,                 1.1801,                0.95355,                0.96413,                0.98874,                0.73248,                 1.1208,                0.69582,                 1.0688,              0.0003598,              0.0003598,              0.0003598
                    196,                 1.2807,                0.86753,                 1.1804,                0.94083,                0.96536,                0.98907,                0.73569,                 1.0992,                  0.689,                 1.0699,              0.0003565,              0.0003565,              0.0003565
                    197,                 1.1758,                0.78579,                 1.1538,                0.94083,                0.96536,                0.98907,                0.73569,                 1.0992,                  0.689,                 1.0699,              0.0003532,              0.0003532,              0.0003532
                    198,                 1.1796,                0.94353,                 1.1183,                0.92362,                0.96376,                0.98931,                0.74184,                 1.0751,                0.69028,                 1.0681,              0.0003499,              0.0003499,              0.0003499
                    199,                  1.192,                0.80765,                 1.1199,                0.92362,                0.96376,                0.98931,                0.74184,                 1.0751,                0.69028,                 1.0681,              0.0003466,              0.0003466,              0.0003466
                    200,                 1.2262,                 0.8814,                 1.1985,                0.94116,                0.94286,                0.98892,                0.73889,                 1.0853,                0.69753,                 1.0735,              0.0003433,              0.0003433,              0.0003433
                    201,                 1.1918,                0.83479,                 1.1327,                0.94116,                0.94286,                0.98892,                0.73889,                 1.0853,                0.69753,                 1.0735,                0.00034,                0.00034,                0.00034
                    202,                 1.3184,                0.81498,                  1.124,                0.91849,                0.97161,                0.98873,                0.72715,                 1.0915,                0.68465,                  1.081,              0.0003367,              0.0003367,              0.0003367
                    203,                 1.1324,                0.78959,                 1.1187,                0.91849,                0.97161,                0.98873,                0.72715,                 1.0915,                0.68465,                  1.081,              0.0003334,              0.0003334,              0.0003334
                    204,                 1.1386,                0.85419,                 1.1498,                0.95509,                0.94892,                0.99023,                0.75074,                 1.0655,                0.67604,                 1.0849,              0.0003301,              0.0003301,              0.0003301
                    205,                 1.3178,                0.86245,                 1.1166,                0.95509,                0.94892,                0.99023,                0.75074,                 1.0655,                0.67604,                 1.0849,              0.0003268,              0.0003268,              0.0003268
                    206,                 1.3033,                0.86194,                 1.0817,                 0.9612,                0.95208,                0.99025,                0.76147,                 1.0696,                0.67843,                 1.0888,              0.0003235,              0.0003235,              0.0003235
                    207,                 1.2409,                0.82224,                 1.1101,                 0.9612,                0.95208,                0.99025,                0.76147,                 1.0696,                0.67843,                 1.0888,              0.0003202,              0.0003202,              0.0003202
                    208,                 1.2789,                0.86596,                 1.1689,                0.96688,                0.95328,                0.99001,                0.76115,                 1.0611,                0.67936,                 1.0775,              0.0003169,              0.0003169,              0.0003169
                    209,                 1.1908,                 0.8329,                   1.13,                0.96688,                0.95328,                0.99001,                0.76115,                 1.0611,                0.67936,                 1.0775,              0.0003136,              0.0003136,              0.0003136
                    210,                 1.3622,                 1.0441,                 1.2212,                0.93655,                0.95179,                0.98991,                0.76331,                 1.0543,                 0.6899,                 1.0627,              0.0003103,              0.0003103,              0.0003103
                    211,                 1.2439,                0.81984,                 1.1246,                0.93655,                0.95179,                0.98991,                0.76331,                 1.0543,                 0.6899,                 1.0627,               0.000307,               0.000307,               0.000307
                    212,                 1.0958,                0.80087,                 1.1553,                0.88383,                0.95932,                0.98986,                0.75641,                 1.0459,                0.70679,                 1.0575,              0.0003037,              0.0003037,              0.0003037
                    213,                 1.1545,                0.81323,                 1.1231,                0.88383,                0.95932,                0.98986,                0.75641,                 1.0459,                0.70679,                 1.0575,              0.0003004,              0.0003004,              0.0003004
                    214,                 1.1693,                0.82535,                  1.093,                0.89435,                0.93051,                 0.9899,                0.77119,                 1.0335,                0.72291,                 1.0656,              0.0002971,              0.0002971,              0.0002971
                    215,                 1.1027,                0.80945,                 1.0801,                0.89435,                0.93051,                 0.9899,                0.77119,                 1.0335,                0.72291,                 1.0656,              0.0002938,              0.0002938,              0.0002938
                    216,                 1.1918,                0.83563,                 1.1104,                0.90426,                0.95327,                0.99001,                0.74896,                 1.0474,                0.72049,                 1.0715,              0.0002905,              0.0002905,              0.0002905
                    217,                 1.2308,                0.83863,                 1.1628,                0.90426,                0.95327,                0.99001,                0.74896,                 1.0474,                0.72049,                 1.0715,              0.0002872,              0.0002872,              0.0002872
                    218,                 1.2017,                0.78677,                  1.128,                0.93632,                0.95246,                0.98954,                0.73786,                 1.0932,                0.70275,                 1.0733,              0.0002839,              0.0002839,              0.0002839
                    219,                 1.1687,                0.83556,                 1.1176,                0.93632,                0.95246,                0.98954,                0.73786,                 1.0932,                0.70275,                 1.0733,              0.0002806,              0.0002806,              0.0002806
                    220,                 1.3253,                0.86782,                 1.1397,                0.92733,                 0.9676,                0.99001,                0.74168,                 1.0868,                0.69291,                 1.0746,              0.0002773,              0.0002773,              0.0002773
                    221,                 1.1365,                0.78669,                 1.1289,                0.92733,                 0.9676,                0.99001,                0.74168,                 1.0868,                0.69291,                 1.0746,               0.000274,               0.000274,               0.000274
                    222,                 1.1361,                0.77566,                 1.1101,                 0.9364,                0.95525,                0.98998,                0.73403,                  1.086,                0.67852,                 1.0761,              0.0002707,              0.0002707,              0.0002707
                    223,                 1.1018,                0.77799,                 1.1118,                 0.9364,                0.95525,                0.98998,                0.73403,                  1.086,                0.67852,                 1.0761,              0.0002674,              0.0002674,              0.0002674
                    224,                 1.1471,                0.77335,                 1.1438,                 0.9437,                0.95611,                0.98947,                0.73233,                 1.0773,                0.66786,                 1.0687,              0.0002641,              0.0002641,              0.0002641
                    225,                 1.1336,                0.87579,                 1.0886,                 0.9437,                0.95611,                0.98947,                0.73233,                 1.0773,                0.66786,                 1.0687,              0.0002608,              0.0002608,              0.0002608
                    226,                 1.1324,                0.86658,                 1.1202,                0.95421,                0.96416,                0.99283,                0.73354,                 1.0727,                0.67147,                 1.0581,              0.0002575,              0.0002575,              0.0002575
                    227,                 1.1581,                0.80512,                  1.113,                0.95421,                0.96416,                0.99283,                0.73354,                 1.0727,                0.67147,                 1.0581,              0.0002542,              0.0002542,              0.0002542
                    228,                    1.2,                0.79239,                  1.125,                0.96143,                0.96663,                0.99281,                0.74301,                 1.0631,                 0.6614,                 1.0545,              0.0002509,              0.0002509,              0.0002509
                    229,                 1.2226,                 0.8171,                 1.1197,                0.96143,                0.96663,                0.99281,                0.74301,                 1.0631,                 0.6614,                 1.0545,              0.0002476,              0.0002476,              0.0002476
                    230,                 1.2346,                0.80006,                 1.1321,                0.96516,                0.96623,                0.99275,                0.76046,                  1.026,                0.66351,                 1.0519,              0.0002443,              0.0002443,              0.0002443
                    231,                 1.3924,                0.88147,                 1.1605,                0.96516,                0.96623,                0.99275,                0.76046,                  1.026,                0.66351,                 1.0519,               0.000241,               0.000241,               0.000241
                    232,                 1.4814,                0.86681,                 1.1814,                0.97091,                0.96584,                0.99308,                0.76919,                 1.0109,                0.66085,                 1.0529,              0.0002377,              0.0002377,              0.0002377
                    233,                 1.1433,                0.78521,                 1.0966,                0.97091,                0.96584,                0.99308,                0.76919,                 1.0109,                0.66085,                 1.0529,              0.0002344,              0.0002344,              0.0002344
                    234,                 1.2159,                0.85982,                 1.2111,                0.97151,                0.96619,                0.99271,                 0.7767,                 1.0145,                0.66441,                 1.0612,              0.0002311,              0.0002311,              0.0002311
                    235,                 1.1831,                0.81113,                  1.151,                0.97151,                0.96619,                0.99271,                 0.7767,                 1.0145,                0.66441,                 1.0612,              0.0002278,              0.0002278,              0.0002278
                    236,                 1.1639,                0.80115,                 1.1123,                0.97086,                0.96248,                0.98852,                0.77896,                 1.0325,                 0.6625,                 1.0769,              0.0002245,              0.0002245,              0.0002245
                    237,                 1.2255,                0.81842,                 1.1386,                0.97086,                0.96248,                0.98852,                0.77896,                 1.0325,                 0.6625,                 1.0769,              0.0002212,              0.0002212,              0.0002212
                    238,                 1.1926,                 0.8036,                 1.1196,                0.97169,                0.96335,                0.98851,                0.79006,                 1.0405,                 0.6597,                 1.0869,              0.0002179,              0.0002179,              0.0002179
                    239,                 1.2376,                 0.7808,                 1.0906,                0.97169,                0.96335,                0.98851,                0.79006,                 1.0405,                 0.6597,                 1.0869,              0.0002146,              0.0002146,              0.0002146
                    240,                 1.2202,                0.79135,                  1.127,                0.96917,                0.96877,                0.98852,                0.79472,                 1.0314,                0.65136,                 1.0821,              0.0002113,              0.0002113,              0.0002113
                    241,                 1.2039,                0.81849,                 1.1419,                0.96917,                0.96877,                0.98852,                0.79472,                 1.0314,                0.65136,                 1.0821,               0.000208,               0.000208,               0.000208
                    242,                 1.1082,                0.80713,                 1.1105,                0.96827,                0.97058,                0.98873,                0.79639,                 1.0144,                0.64218,                  1.068,              0.0002047,              0.0002047,              0.0002047
                    243,                 1.0919,                 0.7776,                  1.088,                0.96827,                0.97058,                0.98873,                0.79639,                 1.0144,                0.64218,                  1.068,              0.0002014,              0.0002014,              0.0002014
                    244,                  1.133,                0.95454,                 1.0864,                 0.9688,                0.96813,                0.99005,                0.79461,                0.99072,                0.63046,                 1.0516,              0.0001981,              0.0001981,              0.0001981
                    245,                 1.1238,                0.77529,                 1.1612,                 0.9688,                0.96813,                0.99005,                0.79461,                0.99072,                0.63046,                 1.0516,              0.0001948,              0.0001948,              0.0001948
                    246,                 1.0418,                0.82581,                 1.0704,                0.96488,                0.96438,                0.98917,                0.78524,                 0.9807,                0.62746,                 1.0434,              0.0001915,              0.0001915,              0.0001915
                    247,                 1.0306,                0.72441,                 1.0894,                0.96488,                0.96438,                0.98917,                0.78524,                 0.9807,                0.62746,                 1.0434,              0.0001882,              0.0001882,              0.0001882
                    248,                 1.0763,                0.74714,                 1.0425,                0.96065,                0.96623,                0.99003,                0.78301,                0.97195,                 0.6263,                 1.0397,              0.0001849,              0.0001849,              0.0001849
                    249,                 1.4082,                0.88502,                 1.2027,                0.96065,                0.96623,                0.99003,                0.78301,                0.97195,                 0.6263,                 1.0397,              0.0001816,              0.0001816,              0.0001816
                    250,                 1.0821,                0.73634,                  1.103,                0.95746,                0.96486,                0.99017,                0.77113,                0.97102,                0.62085,                 1.0386,              0.0001783,              0.0001783,              0.0001783
                    251,                 1.2944,                0.83514,                 1.1315,                0.95746,                0.96486,                0.99017,                0.77113,                0.97102,                0.62085,                 1.0386,               0.000175,               0.000175,               0.000175
                    252,                 1.1335,                 0.7881,                 1.1298,                0.94866,                0.96421,                0.99079,                0.77593,                0.97499,                0.62199,                 1.0416,              0.0001717,              0.0001717,              0.0001717
                    253,                 1.2623,                0.86977,                  1.195,                0.94866,                0.96421,                0.99079,                0.77593,                0.97499,                0.62199,                 1.0416,              0.0001684,              0.0001684,              0.0001684
                    254,                 1.1884,                0.80619,                 1.0768,                0.95201,                0.95907,                0.99029,                0.78528,                0.98668,                0.63276,                  1.052,              0.0001651,              0.0001651,              0.0001651
                    255,                 1.0598,                0.75767,                 1.1163,                0.95201,                0.95907,                0.99029,                0.78528,                0.98668,                0.63276,                  1.052,              0.0001618,              0.0001618,              0.0001618
                    256,                  1.105,                 0.7582,                 1.1282,                0.95334,                 0.9627,                0.98987,                0.76813,                 1.0044,                0.64458,                 1.0684,              0.0001585,              0.0001585,              0.0001585
                    257,                  1.089,                0.75447,                 1.1078,                0.95334,                 0.9627,                0.98987,                0.76813,                 1.0044,                0.64458,                 1.0684,              0.0001552,              0.0001552,              0.0001552
                    258,                 1.1301,                0.77187,                 1.1123,                0.95359,                0.96069,                0.98968,                0.78222,                 1.0084,                0.63731,                 1.0752,              0.0001519,              0.0001519,              0.0001519
                    259,                 1.1092,                0.81362,                 1.0938,                0.95359,                0.96069,                0.98968,                0.78222,                 1.0084,                0.63731,                 1.0752,              0.0001486,              0.0001486,              0.0001486
                    260,                 1.1916,                0.77252,                 1.1115,                0.95275,                0.95796,                0.98967,                0.77842,                0.99399,                0.63324,                 1.0713,              0.0001453,              0.0001453,              0.0001453
                    261,                 1.1773,                0.79783,                 1.0756,                0.95275,                0.95796,                0.98967,                0.77842,                0.99399,                0.63324,                 1.0713,               0.000142,               0.000142,               0.000142
                    262,                 1.1349,                0.74586,                 1.1189,                 0.9501,                  0.958,                0.98963,                0.78518,                0.97754,                0.62557,                 1.0594,              0.0001387,              0.0001387,              0.0001387
                    263,                 1.1163,                 0.7562,                 1.0888,                 0.9501,                  0.958,                0.98963,                0.78518,                0.97754,                0.62557,                 1.0594,              0.0001354,              0.0001354,              0.0001354
                    264,                 1.1141,                0.76311,                 1.0981,                0.94638,                0.96654,                0.98934,                0.78045,                0.96187,                 0.6119,                 1.0474,              0.0001321,              0.0001321,              0.0001321
                    265,                 1.0312,                0.75763,                  1.127,                0.94638,                0.96654,                0.98934,                0.78045,                0.96187,                 0.6119,                 1.0474,              0.0001288,              0.0001288,              0.0001288
                    266,                 1.0918,                0.76466,                 1.0865,                0.94917,                0.97044,                0.98959,                0.77304,                0.96475,                0.60498,                 1.0395,              0.0001255,              0.0001255,              0.0001255
                    267,                 1.0624,                0.78051,                 1.1101,                0.94917,                0.97044,                0.98959,                0.77304,                0.96475,                0.60498,                 1.0395,              0.0001222,              0.0001222,              0.0001222
                    268,                 1.1713,                0.74147,                 1.0719,                 0.9534,                0.97374,                0.98928,                0.77031,                0.96855,                0.59764,                 1.0382,              0.0001189,              0.0001189,              0.0001189
                    269,                 1.0709,                  0.748,                 1.0868,                 0.9534,                0.97374,                0.98928,                0.77031,                0.96855,                0.59764,                 1.0382,              0.0001156,              0.0001156,              0.0001156
                    270,                 1.1693,                0.80931,                 1.1332,                0.95762,                0.97757,                 0.9891,                0.77185,                0.98152,                 0.5937,                 1.0397,              0.0001123,              0.0001123,              0.0001123
                    271,                 1.0161,                0.73552,                 1.0694,                0.95762,                0.97757,                 0.9891,                0.77185,                0.98152,                 0.5937,                 1.0397,               0.000109,               0.000109,               0.000109
                    272,                 1.0648,                0.84353,                 1.1175,                0.96425,                0.97625,                0.98888,                 0.7708,                0.98524,                0.59062,                  1.039,              0.0001057,              0.0001057,              0.0001057
                    273,                 1.1478,                0.74295,                 1.0973,                0.96425,                0.97625,                0.98888,                 0.7708,                0.98524,                0.59062,                  1.039,              0.0001024,              0.0001024,              0.0001024
                    274,                 1.3375,                0.80066,                 1.1091,                 0.9706,                0.97139,                0.98908,                0.78986,                0.98435,                 0.5946,                 1.0388,               9.91e-05,               9.91e-05,               9.91e-05
                    275,                 1.0984,                0.75458,                 1.1092,                 0.9706,                0.97139,                0.98908,                0.78986,                0.98435,                 0.5946,                 1.0388,               9.58e-05,               9.58e-05,               9.58e-05
                    276,                  1.078,                0.78394,                 1.1164,                0.97522,                0.96951,                0.98893,                0.79474,                0.97241,                0.59353,                 1.0404,               9.25e-05,               9.25e-05,               9.25e-05
                    277,                  1.085,                0.74496,                 1.1243,                0.97522,                0.96951,                0.98893,                0.79474,                0.97241,                0.59353,                 1.0404,               8.92e-05,               8.92e-05,               8.92e-05
                    278,                  1.182,                0.78169,                 1.1415,                0.97304,                0.96965,                0.98933,                 0.7959,                0.96567,                0.59191,                 1.0466,               8.59e-05,               8.59e-05,               8.59e-05
                    279,                 1.0855,                0.75512,                 1.0714,                0.97304,                0.96965,                0.98933,                 0.7959,                0.96567,                0.59191,                 1.0466,               8.26e-05,               8.26e-05,               8.26e-05
                    280,                 1.1183,                0.78058,                 1.1184,                0.96892,                0.96905,                0.98949,                  0.805,                0.97377,                0.59191,                 1.0516,               7.93e-05,               7.93e-05,               7.93e-05
                    281,                 1.0609,                0.73396,                  1.109,                0.96892,                0.96905,                0.98949,                  0.805,                0.97377,                0.59191,                 1.0516,                7.6e-05,                7.6e-05,                7.6e-05
                    282,                 1.0583,                0.76245,                 1.1266,                0.96791,                0.96624,                 0.9895,                0.80569,                0.97958,                0.59325,                 1.0534,               7.27e-05,               7.27e-05,               7.27e-05
                    283,                 1.2608,                 0.8171,                 1.1046,                0.96791,                0.96624,                 0.9895,                0.80569,                0.97958,                0.59325,                 1.0534,               6.94e-05,               6.94e-05,               6.94e-05
                    284,                   1.08,                0.84367,                 1.1198,                0.96979,                0.95801,                 0.9895,                0.80185,                0.97156,                0.59481,                 1.0512,               6.61e-05,               6.61e-05,               6.61e-05
                    285,                  1.312,                0.83466,                 1.1343,                0.96979,                0.95801,                 0.9895,                0.80185,                0.97156,                0.59481,                 1.0512,               6.28e-05,               6.28e-05,               6.28e-05
                    286,                 1.0959,                0.79236,                 1.1002,                0.97366,                 0.9549,                0.98964,                0.79828,                0.96439,                 0.6005,                 1.0476,               5.95e-05,               5.95e-05,               5.95e-05
                    287,                 1.1139,                0.74564,                 1.1243,                0.97366,                 0.9549,                0.98964,                0.79828,                0.96439,                 0.6005,                 1.0476,               5.62e-05,               5.62e-05,               5.62e-05
                    288,                 1.0545,                 0.7387,                 1.1233,                0.97323,                0.95252,                0.99003,                0.79791,                0.95636,                0.60371,                 1.0429,               5.29e-05,               5.29e-05,               5.29e-05
                    289,                 1.2451,                0.77594,                 1.1337,                0.97323,                0.95252,                0.99003,                0.79791,                0.95636,                0.60371,                 1.0429,               4.96e-05,               4.96e-05,               4.96e-05
                    290,                 1.0832,                0.76873,                 1.1036,                0.97286,                0.95127,                0.98999,                0.80101,                0.94719,                0.60351,                 1.0379,               4.63e-05,               4.63e-05,               4.63e-05
                    291,                 1.2245,                0.97913,                 1.1604,                0.97286,                0.95127,                0.98999,                0.80101,                0.94719,                0.60351,                 1.0379,                4.3e-05,                4.3e-05,                4.3e-05
                    292,                 1.1838,                0.91673,                 1.0967,                0.97333,                0.94868,                0.98945,                0.80663,                0.94249,                0.60697,                 1.0341,               3.97e-05,               3.97e-05,               3.97e-05
                    293,                 1.1524,                0.84851,                 1.0996,                0.97333,                0.94868,                0.98945,                0.80663,                0.94249,                0.60697,                 1.0341,               3.64e-05,               3.64e-05,               3.64e-05
                    294,                 1.1026,                0.82616,                 1.1538,                0.97347,                0.94573,                0.98939,                0.80604,                0.94246,                0.60984,                 1.0317,               3.31e-05,               3.31e-05,               3.31e-05
                    295,                 1.0638,                0.77221,                 1.0812,                0.97347,                0.94573,                0.98939,                0.80604,                0.94246,                0.60984,                 1.0317,               2.98e-05,               2.98e-05,               2.98e-05
                    296,                 1.2083,                0.86512,                 1.1474,                 0.9675,                 0.9552,                0.98928,                0.80128,                0.93874,                0.61113,                 1.0307,               2.65e-05,               2.65e-05,               2.65e-05
                    297,                 1.3136,                0.89602,                  1.124,                 0.9675,                 0.9552,                0.98928,                0.80128,                0.93874,                0.61113,                 1.0307,               2.32e-05,               2.32e-05,               2.32e-05
                    298,                 1.0947,                0.75927,                 1.0971,                0.96786,                0.95548,                0.98934,                0.80176,                 0.9391,                0.61475,                 1.0296,               1.99e-05,               1.99e-05,               1.99e-05
                    299,                 1.0796,                0.80575,                 1.1022,                0.96786,                0.95548,                0.98934,                0.80176,                 0.9391,                0.61475,                 1.0296,               1.66e-05,               1.66e-05,               1.66e-05
                    300,                  1.223,                0.83624,                 1.1252,                0.96818,                0.95511,                 0.9892,                0.80176,                 0.9391,                 0.6133,                   1.03,               1.33e-05,               1.33e-05,               1.33e-05
